rate,title,category,count,brief,author

9.6,白夜行, 图书 / 虚构 ,4040,"《白夜行》姊妹篇《幻夜》购买地址：http://read.douban.com/ebook/698016/ 1973年，大阪的一栋废弃建筑中发现一名遭利器刺死的男子。案件扑朔迷离，悬而未决。 此后20年间，案件滋生出的…
",

9.4,杀死一只知更鸟, 图书 / 虚构 ,360,"二十世纪三十年代，大萧条时期美国南部的一个小镇，三个孩子平静的生活被两桩冤案彻底打破。传闻与事实，坚强与软弱，正义与邪恶，忠诚与背叛，他们在痛苦与矛盾中艰难地拨开生活的重重迷雾，…
",

8.8,我的天才女友, 图书 / 虚构 ,303,"只有你身为女人才会知道这些丑陋的秘密； 两个女人，50年的友谊和战争。 《我的天才女友》是埃莱娜·费兰特“那不勒斯四部曲”的第一部，讲述了两个女主人公莉拉和埃莱娜的少女时代。故事…
",

9.0,仿生人会梦见电子羊吗？, 图书 / 虚构 ,118,"“科幻鬼才”菲利普•迪克成长于西方科技文明创造出的崭新辉煌的时代。彼时，人类进入了太空，登上了月球，成功制造出第一台工业用机器人……科技的蓬勃发展也催生出主流科幻小说对人类创造…
",

9.4,傲慢与偏见, 图书 / 虚构 ,438,"《傲慢与偏见》主讲了奥斯丁的讽刺艺术，不仅表现在某些人物的喜剧性格上，也不仅表现在众多情节的喜剧性处理上，而且还融汇在整个故事的反讽构思中，让现实对人们的主观臆想进行嘲讽。男主角…
",

,浪潮, 图书 / 虚构 ,8,"电影《浪潮》（Die Welle）同名原著。 世界离独裁有多远？ 35岁的德国导演丹尼斯·甘赛尔（Dennis Gansel）透过他杰出的电影《浪潮》给出了一个惊人的答案：世界离独裁只有五天！ 《浪潮…
",

9.0,高智商犯罪：死神代言人, 图书 / 虚构 ,1390,"原网络著名“谋杀官员”系列，国内首部“反类型”罪案小说。本作品一经推出，立刻引发轰动效应，作者用直白、利落的笔触，透视社会夹缝中的罪恶之源，写就最悲怆的宿命。 众目睽睽下的杀人游…
",

9.0,查令十字街84号, 图书 / 虚构 ,869,"《北京遇上西雅图之不二情书》吴秀波、汤唯因《查令十字街84号》结缘，以书为证，以信为媒，演绎《查令十字街84号》新故事。 纪念作者诞辰一百周年（1916.4.15-2016.4.15）；译者陈建铭修…
",

8.0,罗曼蒂克消亡史, 图书 / 虚构 ,1049,"七个短篇小说，七把扎出人性荒诞的利刃。 程耳的小说如同他的电影，循环推进，起落得当，总要人怀着好奇与疑惑，绝难一览无余。他通过冷静自律又舒缓细腻的叙述，连接往昔与现在，抖落隐秘--…
",

9.6,白鹿原, 图书 / 虚构 ,1110,"同名电视剧原著小说，唯一专有版权。 在从清末民初到建国之初的半个世纪里，一阵阵狂风掠过了白鹿原上空，而每一次的变动都震荡着它的内在结构：打乱了再恢复，恢复了再打乱，细腻地反映出白…
",

,天下粮田, 图书 / 虚构 ,2,"《天下粮仓》姊妹篇，清朝版《人民的名义》，同名电视剧央视热播中！ 民以食为天，中国历史是三千年粮仓保卫战； 只有读懂了中华大地上的粮食，才能真正读懂中国历史； 披肝沥胆、十年磨成…
",

9.4,故事：材质、结构、风格和银幕剧作的原理, 图书 / 非虚构 ,145,"自1997年初版以来，《故事》一直是全世界编剧的第一必读经典，至今，仍属于美国亚马逊最畅销图书中的Top 100。集结了罗伯特•麦基30年的授课经验，本书在对《教父》《阿甘正传》《星球大战…
",

8.6,妻妾成群, 图书 / 虚构 ,154,"《妻妾成群》借旧中国特有的封建家庭模式作小说的框架，一个男人娶了四个女人做太太。但作者关心的不是一个男人如何在四个女人中周旋，如何控制她们，而是关心四个女人怎会把她们一齐拴在一个…
",

7.6,起风了, 图书 / 虚构 ,21,"宫崎骏的《起风了》，是根据零式战斗机设计师堀越二郎的人生事迹和作家堀辰雄的同名小说改编，与堀辰雄的自传体故事相契合的部分可能只有一个追求梦想的少年和薄命少女的恋爱故事。纯洁的心灵…
",

8.2,悟空传, 图书 / 虚构 ,331,"西游是一个很悲壮的故事，是一个关于一群人在路上想寻找当年失去的理想的故事。 五百年，很漫长吗？没有记忆能穿透它。没有什么是永恒的。不如忘记吧。 五百年后，戴上了金箍、忘记了自己是…
",

8.6,幻夜, 图书 / 虚构 ,506,"《幻夜》姊妹篇《白夜行》购买地址：http://read.douban.com/ebook/680843/ 是什么样的过去，造就了她的魔性？ 是什么样的幻影，操纵着他的灵魂？ 我们只能走在幻夜的路上，即使四周明亮…
",

9.8,哈利·波特与魔法石, 图书 / 虚构 ,200,"此版本为中文翻译版，本书的英文原版：https://read.douban.com/ebook/23328970/ 「哈利用颤抖的手把信封翻转过来，只见上面有一块蜡封、一个盾牌饰章，大写“H”字母的周围圈着一头狮子、…
",

8.6,老人与海, 图书 / 虚构 ,196,"《老人与海》是海明威最著名的中篇小说，曾获普利策奖和诺贝尔文学奖。小说塑造了人类文学史上一个平民英雄的形象：古巴老渔夫圣地亚哥出海八十四天都一无所获，但他却并未绝望，最终钓上了一…
",

9.6,怦然心动, 图书 / 虚构 ,74,"朱莉安娜·贝克虔诚地相信三件事：树是圣洁的，特别是她最爱的无花果树；她在后院里饲养的鸡下的蛋是最卫生的；总有一天她会和布莱斯·罗斯基接吻。二年级时，在看到布莱斯蓝眼睛的那一瞬间，…
",

8.0,遗失的世界, 图书 / 虚构 ,63,"林真理子“日本泡沫经济时代三部曲”代表之作，围绕女主人公引出的三条叙事线并进，被誉为三部曲中构思设计最为精巧之作！ 年轻离异的日本职业编剧泽野瑞枝因为一次采访邂逅了地产巨子郡司…
",

8.4,突然就走到了西藏, 图书 / 非虚构 ,527,"陈坤动情自述从出身贫寒的“北漂”青年一夜成名到找回自我，继而重新上路的成长历程。关于亲情与友情、家庭与事业、名利与信仰的心灵全纪录。 本书记录了陈坤带领十名大学生志愿者行走西藏过…
",

,它：小丑回魂（套装全两册）, 图书 / 虚构 ,,"这是一本让人又爱又恨的恐怖小说。 故事发生在美国缅因州小镇德里。一个雨天，威廉给弟弟乔治做了艘纸船，弟弟高高兴兴出门去街上放船，不久后却惨死在下水道口。接下来镇上不断有小孩失踪或…
",

9.4,骆驼祥子, 图书 / 虚构 ,246,"《骆驼祥子》是老舍用同情的笔触描绘的一幕悲剧：二十年代的北京，一个勤劳、壮实的底层社会小人物怀着发家、奋斗的美好梦想，却最终为黑暗的暴风雨所吞噬。它揭示了当时“小人物”的奴隶心理…
",

9.8,哈利·波特完整系列 （全七册）, 图书 / 虚构 ,59,"此版本为“哈利·波特”完整系列的中文版，英文原版见：https://read.douban.com/ebook/23350515/ 获奖无数、全球畅销的哈利波特全套七本电子书，搭配 Olly Moss 引人入胜的封面绘图。加入全…
",

9.0,太阳黑子（《烈日灼心》电影原著小说）, 图书 / 虚构 ,775,"三个谜样的男人，一个美丽的女童。 正值盛年的杨自道、辛小丰、陈比觉，拼命工作，低调做人。他们不娶妻，不交友，回避闹市区的繁华，在偏僻处，合力抚养一个叫“尾巴”的弃婴。率性、狡黠的…
",

8.4,哈利·波特与被诅咒的孩子, 图书 / 虚构 ,208,"此版本为中文翻译版，本书的英文原版：https://read.douban.com/ebook/37037745/ 十九年后，“哈利·波特”的第8个故事。 《哈利·波特与被诅咒的孩子》以J.K.罗琳、约翰·蒂法尼和杰克·…
",

9.2,达·芬奇密码, 图书 / 虚构 ,95,"史实与悬疑、艺术与惊悚……天衣无缝的雅俗融合，难觅破绽的情节营造，欲罢不能的阅读快感！ 午夜，卢浮宫博物馆年迈的馆长被人杀害在大陈列馆的镶木地板上。在人生的最后时刻，馆长脱光了衣…
",

9.8,哈利·波特与阿兹卡班的囚徒, 图书 / 虚构 ,36,"此版本为中文翻译版，本书的英文原版：https://read.douban.com/ebook/23322792/ 「欢迎乘坐骑士公共汽车——用于运送陷入困境的巫师的紧急交通工具。只要伸出你拿魔杖的手，登上车来，我…
",

9.6,尘埃落定：纪念版, 图书 / 虚构 ,153,"一个声势显赫的康巴藏族土司，在酒后和汉族太太生了一个傻瓜儿子。这个人人都认定的傻子与现实生活格格不入，却有着超时代的预感和举止，成为土司制度兴衰的见证人。小说故事精彩曲折动人，以…
",

8.8,刺客聂隐娘（侯孝贤电影剧本原作）, 图书 / 虚构 ,186,"本书为《行云纪——<刺客聂隐娘>拍摄侧录》附录，包括《刺客聂隐娘》剧本及故事大纲，以及唐代传奇故事原著。 你只需要于五月二十日星期三，在戛纳观看《刺客聂隐娘》壮丽的黑白影像的序幕，…
",

8.6,质数的孤独, 图书 / 虚构 ,83,"《质数的孤独》是意大利八〇后作家、粒子物理学博士保罗·乔尔达诺的处女作，2008年出版后，即获得意大利最高文学奖斯特雷加奖，并迅速成为欧美超级畅销书，迄今在欧洲销量已超过500万册。同…
",

8.2,The Great Gatsby（了不起的盖茨比）, 图书 / 虚构 ,82,"The Great Gatsby is a novel by the American author F. Scott Fitzgerald. First published on April 10, 1925, it is set on Long Island's North Shore and in New York City during the …
",

,菲利普·迪克作品集（套装全5册）, 图书 / 虚构 ,,"·《银翼杀手》《银翼杀手2049》原著小说 ·美国科幻文学界的传奇人物，雨果奖和坎贝尔奖得主菲利普·迪克代表作品 【仿生人会梦见电子羊吗？】《银翼杀手》《银翼杀手2049》原著小说，科幻…
",

8.2,猫鼠游戏, 图书 / 虚构 ,25,"每个人的成长都是疯狂的，有些人还顺便逼疯了全世界。 12岁时，小弗兰克父母离异，15岁，他从父亲那骗了3400美元，此后这一数字迅速攀升。在21岁前，他伪装了六年飞行员、一年医生、九个月律…
",

9.8,哈利·波特与密室, 图书 / 虚构 ,52,"此版本为中文翻译版，本书的英文原版：https://read.douban.com/ebook/23322857/ 「有一个阴谋，哈利·波特。今年霍格沃茨魔法学校会有最恐怖的事情发生。」这年暑假，哈利度过最糟糕的生…
",

8.4,地狱, 图书 / 虚构 ,251,"根据《地狱》拍摄的、汤姆•汉克斯主演电影《但丁密码》将于10月28日在国内上映。 继全球风靡的《达•芬奇密码》、《天使与魔鬼》、《失落的秘符》之后，丹•布朗对历史、艺术、密码与…
",

8.0,刺客信条：遗弃, 图书 / 虚构 ,21,"本书基于育碧娱乐软件公司的畅销游戏：”刺客信条Ⅲ“改编。 1735年的伦敦，从能够握剑的年纪起，海瑟姆·肯威就在学习用剑的技巧了。 当他的家族宅邸遭受攻击之时——他的父亲被谋杀，姐姐…
",

9.2,夏有乔木，雅望天堂.2, 图书 / 虚构 ,59,"延续《夏有乔木雅望天堂1》的故事，这个故事主要是写的第一部里面那个魔鬼一般的少年——曲蔚然。其实他是魔鬼，又是天使。 曲蔚然是个品学兼优的好孩子，他总是轻柔优雅的轻笑着，像个贵族…
",

9.8,红色（下）, 图书 / 虚构 ,51,"红色（上） https://read.douban.com/ebook/16608382/ 1937年，淞沪会战硝烟未散，上海沦陷。 徐天，三角地菜场的一个普通会计， 晕血，红色色盲，貌不惊人，一次帮助我党货船的安全撤离…
",

9.2,推拿, 图书 / 虚构 ,158,"小说以无与伦比的细腻而熨帖的文笔，饱满而生动的叙述，写出一群盲人在急剧发展的都市丛林中的艰辛奋斗、日常劳作、梦想与尊严。 无论中西，明眼人作家写盲人多少有点“隔”，为了克服这“隔…
",

9.6,红色（上）, 图书 / 虚构 ,62,"红色（下） https://read.douban.com/ebook/15637106/ 1937年，淞沪会战硝烟未散，上海沦陷。 徐天，三角地菜场的一个普通会计， 晕血，红色色盲，貌不惊人，一次帮助我党货船的安全撤离…
",

9.4,清明上河图密码：隐藏在千古名画中的阴谋与杀局4, 图书 / 虚构 ,73,"北宋手工业全貌！全画824个人物逐一复活，一起拉开北宋帝国覆灭的序幕。口碑奇好！百万人持续追读，豆瓣评分8分以上。同名影视火热启动中。 全图824位人物，每个人都有名有姓，佯装、埋伏在…
",

,琼瑶作品全集（套装共60册）, 图书 / 虚构 ,,"有华人的地方就有琼瑶，数字版权大陆首次授权《琼瑶作品全集》（共60册）。其中收录琼瑶自传《我的故事》，以及《还珠格格》《一帘幽梦》《烟雨蒙蒙》《苍天有泪》《梅花烙》《窗外》《青青河…
",

9.0,山楂树之恋, 图书 / 虚构 ,98,"这是个令所有中国人心酸落泪的故事。它完全是原作者的真实经历。老三死后，1977，原作者(我们叫她静秋吧)已经顶职参加了工作，在L省K市八中附小教书。当老三的预言一个接一个开始成为现实的时…
",

9.0,原来你还在这里, 图书 / 虚构 ,275,"你心中是否也有这样一个人？他离开后，生活还在继续，他留下的痕迹被平淡的日子逐渐抹去。你很少想起他，没有他也能过得很好。然而在那些个猝不及防的梦里，他又出现在你的身边，第一次说出分…
",

,朝圣者, 图书 / 虚构 ,7,"一家低廉的旅馆里，一名年轻的女性被害身亡，她的牙齿被悉数拔掉，脸和五指皆溶解在强酸里，现场没有一丝关于她身份的线索。 一栋豪宅中，一位年轻的富豪坠楼身亡，没有目击证人，没有监控录…
",

9.8,哈利·波特与“混血王子”, 图书 / 虚构 ,18,"此版本为中文翻译版，本书的英文原版：https://read.douban.com/ebook/23323079/ 「它果然在那儿，悬挂在学校上空：那个绿得耀眼的骷髅，嘴里吐出蛇信子般的舌头，食死徒们无论什么时候闯…
",

,极光之恋, 图书 / 虚构 ,,"电视剧《极光之恋》同名原著。 女孩韩星子拥有着高超的表演天赋，用自己的表演向全世界的观众传递爱与希望是她一直以来的梦想。为此她在留学美国期间辗转于大大小小的舞台，用心诠释每一个角…
",

,昆虫记 第一卷, 图书 / 非虚构 ,1,"《昆虫记第一卷：高明的杀手》是一部涵跨文学与科学领域的经典巨著，百余年来一直誉满全球。本套全译插图珍藏本在最大限度重现《昆虫记》原著全貌的同时兼顾原著的文学性、可读性，特别插入了…
",

9.2,英国病人, 图书 / 虚构 ,18,"迈克尔·翁达杰用优美而抒情的笔触，描绘了二次世界大战末期，意大利一栋废弃别墅里，四个伤心人的因缘际会。他们生活在世外桃源一般的风景中，却无法享受战争结束带来的和平与安宁。 在战争…
",

9.0,真幌站前多田便利屋, 图书 / 虚构 ,106,"《真幌站前多田便利屋》讲述的是两个离异男子在担任“便利屋”工作中遇到的大小事件。多田启介在真幌站前开着一间为人排忧解难打杂帮忙的便利屋，这份工作让他作为一个外人踏入很多人的家，并…
",

,地球百子1：重返地球, 图书 / 虚构 ,9,"一场毁灭性的核战争之后，地球表面被彻底摧毁。幸存的人类，逃入太空生活。 300年来，从未有人再踏上地球一步，直到现在——太空舱故障，氧气不够所有人存活。100名有犯罪记录的青少年被遣返…
",

,刺客信条：黑旗, 图书 / 虚构 ,8,"本书根据育碧软件娱乐公司畅销游戏“刺客信条：黑旗”改编。 这是海盗的黄金年代，新世界正在向他们招手。爱德华·肯威，这位自视甚高的羊毛商人之子梦想着黄金 ，光荣的海上生涯对他来说充…
",

7.8,纸之月, 图书 / 虚构 ,11,"一起轰动日本的银行公款挪用案件，嫌疑人是极为普通的41岁家庭主妇梅泽梨花。东窗事发后，梨花只身踏上逃亡之路，流浪于泰国清迈，而所有她身边的人，不可置信之余都在追问，究竟是怎样的实际…
",

,神奇动物在哪里：原创电影剧本, 图书 / 虚构 ,7,"本书为《神奇动物在哪里》电影剧本中文版。原书由J.K.罗琳亲自创作，也是她的剧本处女作。英文原版见：https://read.douban.com/ebook/28089625/ “冒险家、神奇动物学家纽特·斯卡曼德刚…
",

,丹麦女孩, 图书 / 虚构 ,,"某种程度上，我们每个人都曾在自己的生命中努力挣扎，想要了解我们是谁，并且接受那个真实的自己。学会接纳，是我们的课题。 来自美国的格蕾塔为了自由，放弃加州的豪门生活，在丹麦展开艺术…
",

7.0,卡蜜拉, 图书 / 虚构 ,11,"《卡蜜拉》讲述一个名叫卡蜜拉的女吸血鬼诱惑年轻女性的故事，是女吸血鬼主题的先驱，也是吸血鬼文化的经典作品之一，早于《德古拉》25年，被多次改编成电影。 卡蜜拉是首个女同性恋吸血鬼，…
",

8.4,大亨小传, 图书 / 虚构 ,17,"《大亨小传》（亦即《了不起的盖茨比》）描写一个来自明尼苏达州的穷小子，一心追求纸醉金迷的“美国之梦”，到头来却陷入悲剧而不可自拔，遭到上流社会的冷落排挤。反映了那个癫狂迷乱的历史…
",

,生命中的好日子, 图书 / 虚构 ,2,"1977年春天，农村姑娘钟思存担负照顾市长残废儿子的重任嫁到墨家。丈夫墨池因受到过惨痛的创伤，外表冷漠尖刻，内心却极为善良温柔。 恢复高考后，墨池力排众议为思存争取到参加考试的机会，…
",

,一触即发, 图书 / 虚构 ,1,"本书是《一触即发》的电视剧小说，收录了编剧张勇最完整、原汁原味的剧情文字。小说选择了上世纪30年代的上海滩作为故事背景，讲述由日本人的雷霆计划引出的在一对从小被分离的双胞胎兄弟杨慕…
",

7.8,欢乐颂（全三册）, 图书 / 虚构 ,355,"海归的高管，初入职场的乖乖女，犯傻的小职员，胡同里不能低下头的公主加上富二代的小奸商。五个性格迥异的女生，五种不一样的青春，在一栋名为欢乐颂的公寓里，上演着关于成长，关于爱情，关…
",

,异乡人6，未知的旅程, 图书 / 虚构 ,3,"◆全球畅销数十年，多次占领《纽约时报》畅销榜第1名 1991年第一部面世以来，已经陆续出版了八部长篇小说，出版三十多个语种，全球持续畅销。 ◆改编美剧《古战场传奇》持续热播 2014年美…
",

7.4,我的朋友陈白露小姐：金屋一梦, 图书 / 虚构 ,61,"北京晨昏的繁华喧嚣如一梦，上海公馆的金粉花草也如一梦。隐居繁华里，陈白露出现在上海的武康路，她巧遇邻家女孩珠雨田，不经意地走进对方的人生。之后到来的金融大鳄，更带给她一段棋逢敌手…
",

9.8,哈利·波特与凤凰社, 图书 / 虚构 ,27,"此版本为中文翻译版，本书的英文原版：https://read.douban.com/ebook/23323306/ 「你能感知黑魔王的思想和情绪。校长认为不应任其继续下去，他要我教你怎样对黑魔王封闭你的思想。」黑暗…
",

,骆驼祥子, 图书 / 虚构 ,8,"北京青年祥子的梦想，就是挣出一辆车，就像身经百战的武士赢得一颗徽章，可以使他自由、独立。他早出晚归、风风雨雨地拼搏，打动了车厂老板的女儿虎妞，泼辣的她设计嫁给了这个比自己小十多岁…
",

9.4,致我们终将逝去的青春, 图书 / 虚构 ,69,"《致我们终将逝去的青春》作为首部被搬上大银幕的青春小说，由辛夷坞、赵薇强强合作，打造了中国电影动人的青春爱情经典，成为当年受瞩目的电影，更是掀起了全民“致青春”的热潮。此番推出白…
",

,在一起，就好, 图书 / 虚构 ,,"卡米耶，曾经是很有才华的艺术家，如今却再也没有勇气提笔作画。 费里贝尔，守着外祖母遗留的偌大公寓，个性温厚，却有社交障碍。 弗兰克，厨艺了得，个性不坏却有点自命不凡，被费里贝尔收…
",

9.2,阿甘正传, 图书 / 虚构 ,40,"本书是经典电影《阿甘正传》的小说原著。阿甘是常人眼中的弱智和白痴，但他天性善良单纯，加上天赋异禀，使他先后成为大学橄榄球明星、越战英雄、世界级乒乓球运动员、摔跤选手、国际象棋大师…
",

,曾许诺（全新修订版）, 图书 / 虚构 ,10,"桐华言情经典，曾许诺大结局，历时一年全新修订。 将爱情写到极致的上古爱情故事。 今生做过最骄傲的事，就是对你爱的承诺。 两百年，许多人、事已被遗忘，曾经的爱恨情仇也成了传说，却也…
",

9.8,哈利·波特与死亡圣器, 图书 / 虚构 ,60,"此版本为中文翻译版，本书的英文原版：https://read.douban.com/ebook/23323210/ 「“把哈利·波特交出来，”伏地魔的声音说，“你们谁也不会受伤。把哈利·波特交出来，我会让学校安然无…
",

,藪の中（竹林中）, 图书 / 虚构 ,9,"馬の通う路から隔たった藪の中、胸もとを刺された男の死骸が見つかった。死骸は多襄丸という名高い盗人のものらしい。複数の人間の証言を交えて、真相に迫っていく。 殺したのは、果たして誰…
",

9.4,爱在黎明破晓前&爱在日落黄昏时, 图书 / 虚构 ,120,"美国青年杰西和法国女孩赛琳在火车上不期而遇，怦然心动。火车到达维也纳时，杰西盛情邀请赛琳一起游览维也纳，即使第二天他就要坐飞机离开。他们一边漫步城市，一边谈论着各自的过去，和对生…
",

9.0,天使与魔鬼, 图书 / 虚构 ,19,"虔诚的上帝信徒——欧洲原子核研究组织的杰出科学家列奥纳多·维特勒毕生致力于以科学的手段证明神的存在。他和其养女、神秘妩媚的科学家维特多利亚在实验室里成功地制造出了一种极其强大的能…
",

,刺客信条：启示录, 图书 / 虚构 ,4,"基于育碧娱乐软件公司的畅销游戏“刺客信条：启示录”改编。 岁月蹉跎，伟大的刺客大师埃齐奥·奥迪托雷已将步入暮年，但他的智慧却有增无减，这把刺客之刃也愈加锋利。 如今，他又踏上了新…
",

,刺客信条：兄弟会, 图书 / 虚构 ,8,"我即将前往昔日帝国的心脏，去将我的敌人彻底铲除。 然而我深知罗马并非一天所能建成，区区一个刺客的力量也无法让它恢复昔日荣光。我是埃齐奥·奥迪托雷·达·佛罗伦萨，这是我的兄弟会。 …
",

7.4,尸案调查科, 图书 / 虚构 ,12,"本书是一本犯罪推理小说。讲述市公安局刑事技术室的几名技术警察如何运用刑事科学技术侦破重大疑难案件的故事。 七个烧脑的谋杀故事，七段黑暗的死亡回忆！ 威廉古堡：一家三口惨死豪华别墅…
",

,洛丽塔：电影剧本, 图书 / 虚构 ,2,"文体大师纳博科夫最受争议的作品《洛丽塔》曾激发了两位导演的灵感，两度将其搬上大屏幕，也促使纳博科夫尝试创作了自己的唯一一部电影剧本。主人公亨伯特·亨伯特，一位接受过高等教育，行为…
",

,青年电影手册, 图书 / 非虚构 ,1,"这是一本电影文化类图书，是综合了电影评论、人物访谈、文化事件等多元的文艺类图书。这次出版的是第四辑，每一期各自独立。主要内容包括与导演姜文的对话——让梦想继续飞；香港电影专题是本…
",

9.2,艺伎回忆录, 图书 / 虚构 ,25,"二十世纪初，家境贫寒的千代年仅九岁就被父亲卖入京都祇园地区一家艺伎馆“新田艺馆”。她美丽的蓝灰色眼睛招致艺馆头牌艺伎初桃的嫉妒，为她在艺伎训练期间带来重重阻碍。直至千代躲进祇园名…
",

,还珠格格：第三部之天上人间（上）, 图书 / 虚构 ,,"小燕子和永琪之间出现了第三者？这对欢喜冤家与江南才女知画间的三角难题要如何解开？晴儿和萧剑相爱卻不能相守，两人痛苦不已，他们要选择分手，还是不顾一切地私奔，从此亡命天涯？…… …
",

,异乡人.5，遥远的重逢, 图书 / 虚构 ,6,"◆全球畅销数十年，多次占领《纽约时报》畅销榜第1名 1991年第一部面世以来，已经陆续出版了八部长篇小说，出版三十多个语种，全球持续畅销。 ◆改编美剧《古战场传奇》持续热播 2014年美…
",

,法国中尉的女人, 图书 / 虚构 ,,"查尔斯无数次地回忆起，他们的第一次相遇。 堤岸边，她面海而立，黑色的衣裙随风飘动，人却如雕像般纹丝不动，仿佛在凝视着大海，又仿佛只是凝视着虚空。 查尔斯认出了她。她是小镇人口中的…
",

7.4,失落的秘符, 图书 / 虚构 ,15,"哈佛大学符号学家罗伯特·兰登意外受邀，于当晚前往华盛顿美国国会大厦做一个讲座。就在兰登到达的几分钟内，事情发生了匪夷所思的变化。国会大厦里出现了一件令人惊恐之物——一只人手，三根…
",

,风和日丽, 图书 / 虚构 ,9,"本书已被改编为同名电视剧（马伊俐主演），各地电视台正在播出。 《风和日丽》将建国以来的历史作为小说的背景展示给读者，从杨小翼的个人命运出发，将个人命运与历史相融合。它同时也是一个…
",

,刺客信条：大革命, 图书 / 虚构 ,8,"基于育碧娱乐软件公司的畅销游戏“刺客信条：大革命”改编。 1789年，宏伟壮丽的巴黎城迎来了法国大革命的开端，人民奋起抗击压迫他们的贵族阶级。鲜红的血液在鹅卵石铺就的街道上流淌，但正…
",

8.4,伯恩的身份：《谍影重重》电影原著小说, 图书 / 虚构 ,11,"他没有过去，也可能不再会有未来。他只知道自己被人从地中海捞起时，身上遍布了弹孔。他动过整容手术，臀部皮下还藏着微型胶片，其内容是一组数字……这些线索引领他来到了苏黎世银行，却发现…
",

,刺客信条：秘密圣战, 图书 / 虚构 ,10,"马可·波罗的父亲，尼科洛·波罗终于道出其保守一生的秘密——阿泰尔的过去，兄弟会最为传奇的一位刺客的人生历程。 阿泰尔接下了一项无比艰巨的任务——这不仅需要他走遍圣地每一个角落，…
",

,成为简·奥斯丁, 图书 / 非虚构 ,3,"简•奥斯丁，她是莫扎特般的女人，自儿时便展露出的才华让她的一生注定不凡；她是暗夜的精灵，用羽毛笔描画出闪烁于夜空的爱的流星。如果命运让一个女子夺目，她不是美貌就是多才，而简集貌…
",

,影视悬疑小说精选（全13册）, 图书 / 虚构 ,,"此套装包含：张翰、曾志伟主演网剧《十宗罪》原著：《罪全书前传》《罪全书》《罪全书2》《罪全书3》《罪全书5》，张若昀、焦俊艳主演《法医秦明》电视剧原著系列：《幸存者》《清道夫》《尸…
",

,荣誉：影片《法国中尉的女人》读解, 图书 / 非虚构 ,,"在北京电影学院有一门各系学生必修的课程：“影片分析课”。该课受到学生们的热烈欢迎。本书是该课主讲教员的部分讲义。 本书是一部影片读解著作，作者以其深厚的电影功力和对电影制作的深入…
",

,丛林之书, 图书 / 虚构 ,,"◆这是中文版《丛林之书》应该有的样子，我们按照吉卜林文字的深度和广度尽力将它还原。 ◆遵从1895年初版，20万字完整译本，收录全部15个篇目。 ◆最年轻诺贝尔文学奖得主吉卜林代表作。 …
",

,奇爱博士, 图书 / 虚构 ,6,"美国空军将领昆腾将军怀疑苏联人的共产主义思想正在通过各种方式“荼毒”善良天真的美国人民。利用美国空军作战计划中的漏洞，昆腾将军成功地避开了美国政府，在美国总统和美国人民毫不知情的…
",

,我和厄尔以及将死的女孩, 图书 / 虚构 ,3,"高中生格雷格，十七岁，性格善良却有点孤僻。生活准则是低调行事，不交朋友，也绝不在学校惹麻烦。他唯一的爱好是与死党厄尔一起拍摄短片，改编他们喜爱的经典电影，梦想有一天拍摄出属于他们…
",

,上海王, 图书 / 虚构 ,6,"《上海王》是著名作家虹影“重写海上花三部曲”（《上海王》《上海之死》《上海魔术师》）中的第一部，讲述了清末民初上海一位传奇女子的故事。 父母双亡的乡下丫头小月桂被卖身妓馆，鸨母新…
",

,荣誉：影片《骗术大全》读解, 图书 / 非虚构 ,1,"在北京电影学院有一门各系学生必修的课程：“影片分析课”。该课受到学生们的热烈欢迎。本书是该课主讲教员的部分讲义。 本书是一部影片读解著作，作者以其深厚的电影功力和对电影制作的深入…
",

,隧道（同名韩国电影原著小说）, 图书 / 虚构 ,4,"韩国普通工薪族李正洙驾车途中被困豆腐渣工程的隧道里，救援工作进展缓慢，李正洙的妻子追问隧道施工单位，查出他们的行贿记录，事态越来越严重，政府和施工单位却互相推诿。李正洙在隧道里焦…
",

,刺客信条, 图书 / 虚构 ,7,"狂销七千五百万套！ 全球销量最高动作冒险类游戏，刺客信条电影官方小说唯一授权中文版全国上市！ 2017年2月24日，本书将随刺客信条官方电影同步上市！ 好莱坞科幻巨作赞誉公映！ 刺客信…
",

,唐山大地震, 图书 / 虚构 ,1,"作品以女主角王小灯为中心，小灯本名叫小登，七岁那年，无情的唐山大地震把她本该天真无忧的童年残酷地震碎，也把她此后30年的人生震得支离破碎。此后30年，小灯一直处于逃跑状态，最终只能一…
",

,历史转折中的邓小平, 图书 / 虚构 ,2,"1976年，注定是新中国历史上不寻常的一年。新中国接连失去三位领导人，“四人帮”继续为祸四方。有谁为彷徨的人民作主，有谁为受难的知识分子大声疾呼？10月6日，中共中央采取果断行动，一举…
",

,实习生, 图书 / 虚构 ,10,"宋暖和周格格是上海名牌高校的应届毕业生，没有背景，属于工薪二代，梦想就是找到一个好工作，觅得一个好老公。在屡屡碰壁的求职过程中，一个寝室的她们又同时被一家大型的民营企业录取为实习…
",

,放弃我，抓紧我（上）, 图书 / 虚构 ,,"陈乔恩、王凯、乔任梁领衔主演 年度时尚浪漫爱情大剧《放弃我，抓紧我》同名小说 婚纱的款式有很多种，公主型、鱼尾型、抹胸型…… 爱情的样子也有很多种，浪漫的、悸动的、心酸的…… 这…
",

,蜀山战纪之剑侠传奇（第一部）, 图书 / 虚构 ,9,"东方仙侠玄幻巨制、吴奇隆出品，赵丽颖、陈伟霆主演。 官方同名衍生小说 赤魂血影 傲骨剑心 爱恨之间，总烙印着宿命誓言 ；正邪之念，就在一线之间。 书中附赠精美剧照 精彩剧情抢先体…
",

,咖喱香肠的诞生, 图书 / 虚构 ,4,"在二战时期的1945年，英国军队已开过了易北河，德国面临战败，海军士兵布雷默休假归队途中邂逅了在汉堡粮食局餐厅工作的布绿克太太。一场空袭让两个陌生人走到了一起，布雷默当了逃兵，躲藏在…
",

,永远和三秒半, 图书 / 非虚构 ,4,"此次十年专栏精选结集，或许能提供一个角度够全、距离够近的了解毛尖的可能。 知名作家 毛尖的影评结集，包括作者的代表作和原创新作。作品对世界著名电影和经典文艺片的评论，其见解独特、…
",

7.8,曾许诺·套装共2册（全新修订版）, 图书 / 虚构 ,16,"桐华言情经典，曾许诺大结局，历时一年全新修订。 将爱情写到极致的上古爱情故事。 今生做过最骄傲的事，就是对你爱的承诺。 两百年，许多人、事已被遗忘，曾经的爱恨情仇也成了传说，却也…
",

9.0,夏有乔木，雅望天堂.1, 图书 / 虚构 ,194,"同名电影《夏有乔木，雅望天堂》原著小说。 28岁的园林设计师舒雅望是出生在一个军事后裔家庭。 16岁的时候舒爸让舒雅望去照顾10岁的夏木。 夏木因为童年时候经历一场死亡，跟已经死去多…
",

,纳尼亚传奇系列（套装共7册）, 图书 / 虚构 ,,"《纳尼亚传奇1：狮子·女巫·魔衣橱》讲述了，彼得、苏珊、爱德蒙、露茜通过乡间大宅里的一个魔衣橱来到了神奇的纳尼亚。 在那里，四兄妹与阿斯兰一同击败了白女巫，收复了纳尼亚。四兄妹在…
",

8.8,芭贝特之宴, 图书 / 虚构 ,34,"这部作品被改编成同名丹麦语电影，影片获得1988年奥斯卡最佳外语片奖。 故事发生在19世纪的挪威，一对已经成年的姊妹生活在一个宗教氛围浓厚的村子里，她们甘愿为宗教信仰而放弃世俗情感。后…
",

,狮子、女巫和魔衣柜（中英双语）, 图书 / 虚构 ,4,"在老教授的房子里有许多间屋子，屋子里有许多扇门，但是只有一扇通向另一个世界……纳尼亚。 那里流传着一个预言：两个亚当的儿子和两个夏娃的女儿将会现身，击败邪恶的白女巫，结束永恒的寒…
",

,BJ单身日记三部曲系列套装（共三册）, 图书 / 虚构 ,,"编辑推荐： 最初于《独立报》和《每日电讯报》专栏连载，获得读者的极大好评，风靡英伦，出版后长期居于英国各大排行榜第一名。1998年获英国图书大奖年度图书奖。“尼尔森白金图书奖”，被誉…
",

,功夫熊猫（英文版） , 图书 / 虚构 ,3,"《功夫熊猫》是一部以中国功夫为主题的美国动作喜剧电影，本片以中国古代为背景，其景观、布景、服装以至食物均充满中国元素。故事讲述了一只笨拙的熊猫立志成为武林高手的故事。 Master Shi…
",

,三叶草, 图书 / 虚构 ,,"有一个美丽的传说，四叶草女孩是每个男人的命运女神！海归男神王子尧曾经有个难以忘却三叶草女孩，可是再相遇三叶草女孩居然成了单亲妈妈，而他最好的兄弟成为了三叶草女孩的守护骑士。是成全…
",

,亡者归来, 图书 / 虚构 ,3,"哈格雷夫家的儿子雅各布在8岁那年意外溺死。然而五十多年后的一天，他们亲手埋葬的儿子再一次站在了家门前，声音样貌一如五十年前那个生机勃勃的小男孩。 世界各国的死者纷纷重现人间：惨遭…
",

8.8,百鸟朝凤, 图书 / 虚构 ,145,"电影《百鸟朝凤》同名原著。 《百鸟朝凤》内容简介：肖江虹短篇小说集，具有鲜明的写作立场和态度，完全站在老百姓的立场上，站在生活中弱者这一头，同情他们，热爱他们，为他们说话，看到他…
",

,荣誉：影片《一个男人与一个女人》读解, 图书 / 非虚构 ,,"在北京电影学院有一门各系学生必修的课程：“影片分析课”。该课受到学生们的热烈欢迎。本书是该课主讲教员的部分讲义。 本书是一部影片读解著作，作者以其深厚的电影功力和对电影制作的深入…
",

,为奴十二年, 图书 / 虚构 ,1,"本书为所罗门·诺瑟普在1853年所著传记体小说。作品来自所罗门的亲身经历，他本是一个生活在纽约的自由的黑人，受过教育且已婚。随后遇到两个人，他们许诺在华盛顿帮他找一份工作，当所罗门到…
",

,伯恩的传承, 图书 / 虚构 ,5,"在与宿敌“胡狼”进行顶尖对决之后，杰森·伯恩本以为从此终于能与家人一起过着平静的生活，不料又出现了一个比“胡狼”更年轻、更冷静的杀人机器——可汗。这个有着亚洲脸孔的神秘杀手，不知…
",

,曾许诺·殇（全新修订版）, 图书 / 虚构 ,9,"曾许诺系列终结篇 爱，为谁而殇 承接上册热销狂潮，“山经海纪”书系第一部《曾许诺》系列终结篇——《曾许诺·殇》倾情面世。信任与误解，数千年恩怨的缘起，将一一揭晓，爱恨纠缠，战场征…
",

,如果可以这样爱（上）, 图书 / 虚构 ,4,"很多人总是在认识后才知道不该认识，很多事情总是在发生过后才知道错了，很多时候总是明知道错了还要继续错下去。 可是，我依然无悔。 丈夫和情人突然殉情自杀，葬礼上，白考儿邂逅情敌的丈…
",

9.4,在轮回中找你（电影《一条狗的使命》原著）, 图书 / 虚构 ,53,"电影《一条狗的使命》原著小说。 以狗狗“贝利”视角，讲述自己经过四世轮回，遇到了不同的人和事，直到重遇当初的主人的故事。一个温顺可爱的狗狗贝利与主人意外的相遇开始了主人和汪星人的…
",

,荣誉：影片《罗拉快跑》读解, 图书 / 非虚构 ,7,"在北京电影学院有一门各系学生必修的课程：“影片分析课”。该课受到学生们的热烈欢迎。本书是该课主讲教员的部分讲义。 本书是一部影片读解著作，作者以其深厚的电影功力和对电影制作的深入…
",

,追击者, 图书 / 虚构 ,1,"故事发生在解放前后。当了半辈子小人物的常平安一心想杀敌，可直到解放的前一天，也没等来一次开枪的机会。一次意外，他接连失去了生命中最重要的两个人：情同父亲的师傅和相爱的初恋情人。 …
",

,荣誉：影片《鸟人》读解, 图书 / 非虚构 ,8,"在北京电影学院有一门各系学生必修的课程：“影片分析课”。该课受到学生们的热烈欢迎。本书是该课主讲教员的部分讲义。 本书是一部影片读解著作，作者以其深厚的电影功力和对电影制作的深入…
",

,伪满洲国生死线, 图书 / 虚构 ,1,"作为一部红色革命题材的小说，《伪满洲国生死线》的情节传奇曲折。它讲述了一个伪满警察科长陈凯阴差阳错地卷入进一个护送密码本到革命根据地的任务中，并最终成为一名坚定的共产党员的故事。…
",

9.2,真幌站前番外地, 图书 / 虚构 ,23,"《真幌站前番外地》讲述的依然是多田便利屋的故事。作为《真幌站前多田便利屋》的续篇，多田和行天的便利屋在继续，他们与各色人等的相遇也在继续。 第一部中曾出现的年轻黑社会老大阿星，大…
",

,山海经之赤影传说, 图书 / 虚构 ,3,"上古时代纷争不断，按照祭司的预言，两大部落“东夷”和“九黎”分别派出人马前往桃花坳寻找各自的天降玄女以增强实力。一对好友苏茉和芙儿从此背负不同命运，一个要保护九黎百姓，另一个则要…
",

,伯恩的通牒, 图书 / 虚构 ,2,"经历数载的对抗交锋，杰森•伯恩的宿敌“胡狼”卡洛斯终于突破重重封锁，发现了伯恩的真实身份：语言学教授大卫•韦伯。而这一次胡狼甚至连伯恩的妻儿也不放过！为了保护家人，也为了终结…
",

,嗜血法医（第四季）, 图书 / 虚构 ,1,"本书是系列小说《嗜血法医》系列的第四部。讲述的是主人公法医德克斯特，白天是侦破各种案件的探案高手，晚上则化身为杀手，选择那些劣迹斑斑的恶魔下手，为民除害。本部小说中，德克斯特终于…
",

,叛舰喋血记, 图书 / 虚构 ,,"1787年，英国皇家海军邦蒂号（Bounty）船长威廉·布莱受命前往塔希提。塔希提的风光是如此的美好，以至于船员们不愿离开，愤而哗变。船长和忠于他的船员被抛到小船上，在海上漂泊良久，仅凭一…
",

,魔兽：杜隆坦, 图书 / 虚构 ,5,"在德拉诺世界，强壮、悍勇而独立的霜狼氏族不得不面对越来越严酷的寒冬，可以捕猎的兽群也日益稀少。就在此时，神秘的陌生人古尔丹来到霜火岭，告诉霜狼兽人，有一个富饶的新世界可以供他们尽…
",

,观照电影：艺术、评论和产业的观察, 图书 / 非虚构 ,,"犀利独特的视角，关注电影最热、最具争议的话题，大卫?波德维尔和克里斯汀·汤普森夫妇用清晰风趣的语言，严谨的思考态度，从电影产业、电影写作、电影艺术、电影叙事与风格、电影评鉴和展望…
",

,爱与黑暗的故事, 图书 / 虚构 ,1,"《爱与黑暗的故事》被公认为以色列作家阿摩司 奥兹最优秀的作品，促使奥兹一举夺得歌德文化奖和阿斯图里亚斯王子奖，已被译成近三十种语言。这是关于两个好人的故事，“我”的父亲和母亲。关…
",

,魔兽, 图书 / 虚构 ,10,"平静的艾泽拉斯正处在战争的边缘。 这个世界的原生文明面对着一个恐怖种族的入侵：兽人战士们逃离他们濒死的家园，意欲在新的世界中驻足繁衍。当连接两个世界的传送门洞开，大门一面是制造毁…
",

,放弃我，抓紧我（下）, 图书 / 虚构 ,3,"陈乔恩、王凯、乔任梁领衔主演 年度时尚浪漫爱情大剧《放弃我，抓紧我》同名小说 婚纱的款式有很多种，公主型、鱼尾型、抹胸型…… 爱情的样子也有很多种，浪漫的、悸动的、心酸的…… 这…
",

,昆仑纵队 (电影《巍峨昆仑》原著), 图书 / 虚构 ,,"《昆仑纵队》一书描写了1947年到1948年。胡宗南率领30万国民党部队对我西北解放区大举进攻。驻扎在延安的中央军委决定放弃延安城，转战陕北。为了保密，中央军委化名“昆仑纵队”，最终毛主席…
",

8.6,数字城堡, 图书 / 虚构 ,13,"世界上最隐秘的情报部门——美国国家安全局（NSA）斥巨资建造了一台可以破解一切密码的机器——万能解密机。这台超级电脑帮助NSA挫败了无数恐怖分子的阴谋，但这台电脑也能截获普通人的电子邮…
",

,降临, 图书 / 虚构 ,6,"一瞥之下，过去与未来轰轰然同时并至，我的意识成为长达半个世纪的灰烬，时间未至已成灰。五十年诸般纷纭并发眼底，我的余生尽在其中。还有，你的一生。 特德·姜著，李克勤等译的《你一生的…
",

7.8,北京人在纽约, 图书 / 虚构 ,11,"作者曹桂林先生便是八十年代初赴美成功的新移民。他根据自己的真实经历写下了这部真切、动人、细腻而富有激情的长篇小说。 经典原著畅销100万册，《北京人在纽约》八十年代初，一个年轻的北…
",

7.4,电影中的武器, 图书 / 非虚构 ,12,"本书是一本军事电影集，也是一本武器集。在几十部出现武器装备的电影中，不同种类的枪、军舰、航母、直升机等，都是作者研究的对象，作者以其丰富的知识和独特的视角，对这些武器的外观造型、…
",

9.4,长大, 图书 / 虚构 ,17,"一个关于成长的故事。在一个别人眼里的白色世界里，他们在长大。而这个世界，究竟是什么颜色？曾经永远发表'特别精辟的评论'的'聪明'女孩说——我曾经以为我什么都懂，原来，我曾经对这个世界…
",

,兰陵王妃, 图书 / 虚构 ,4,"改编自本书的同名电视剧《兰陵王妃》正在湖南卫视热播，由新生代偶像张含韵，陈奕，沈建宏等主演。 一场国与国之间的权力争斗，一件改天换命的上古至宝，一个谜一样女子的情缘纠缠。初相见…
",

,飘：英汉双语版, 图书 / 虚构 ,,"以南北战争未背景的书很多，但像玛格丽特·米切尔的《飘（英汉双语版共2册）》一样影响之大的却甚少。我觉得*重要的还是它的现实意义，是战后美国女性意识的觉醒。本书以女性的视角看待战争，…
",

7.8,欢乐颂.典藏版 1, 图书 / 虚构 ,14,"海归的高管，初入职场的乖乖女，犯傻的小职员，胡同里不能低下头的公主加上富二代的小奸商。 五个性格迥异的女生，五种不一样的青春，在一栋名为欢乐颂的公寓里，上演着关于成长，关于爱情，…
",

7.4,神探夏洛克, 图书 / 非虚构 ,14,"《神探夏洛克》是BBC热播剧《神探夏洛克》的官方指南。 主要讲述了这部剧作的创作过程，以及在拍摄过程的种种。剧组出这本书是为了更加立体地塑造人物，而不仅仅是为了满足粉丝一探剧中内幕…
",

,还珠格格：第一部（上）, 图书 / 虚构 ,1,"两个背景不同、性格迥异的女子小燕子和紫薇相遇在几次混乱中，莫名地一见如故，结拜为姐妹。这时，小燕子才知道紫薇千里迢迢来找寻的父亲，竟是当今圣上乾隆！…… 琼瑶，本名陈喆，台湾最…
",

,007谍海系列：第七情报员, 图书 / 虚构 ,1,"传奇特工007－詹姆斯·邦德驰骋荧屏40年，经典电影原著小说中国大陆首次引进出版、震撼登陆。 詹姆斯·邦德横空出世——他是《第七情报员》，“全世界最有魅力的男演员”、国际著名影星肖恩…
",

,我是女王, 图书 / 虚构 ,2,"遇见一个人，是爱的开始，更是成长的开始。 爱上对的人，你不仅爱上他，也会爱上自己。 没有恐惧、不需猜疑、不用卑微、可以勇敢。 这便是我导演《我是女王》这部电影的初衷。 ——伊能静…
",

,纳尼亚传奇：黎明踏浪号, 图书 / 虚构 ,,"露西与埃德蒙借住在讨厌鬼尤斯塔斯的家里。三个孩子通过一幅画着大船的画来到纳尼亚，与凯斯宾国王和老鼠勇士雷佩契普等人一起乘着黎明踏浪号一路东行，寻找七位爵爷的下落，并探索未知的东方…
",

,女子监狱, 图书 / 虚构 ,,"《纽约时报》畅销书 Netflix倾力打造的同名美剧获评2014及2015年度十佳美剧 《女子监狱》由作者依据自己的亲身经历写就：十年前，刚刚大学毕业、一心只求冒险的帕波无意中结识了一名女毒贩…
",

,我住宝岛一村, 图书 / 非虚构 ,9,"本书分为六个篇章，事关童年回忆、生活、文创、娱乐圈、政事，是作者对自己的人生经历，对台湾的社会生活，对两岸娱乐圈，以及文创工作的精彩解读。 在每一个篇章开启前，透过文字与图片传达…
",

,沉香山, 图书 / 虚构 ,1,"《沉香山》是作者凡一平的中篇小说集。书中收录了他的作品，其作品构思精巧，情节曲折起伏，可读性强，充分展示了作者高超的故事架构能力和创作技巧。小说都已销售出影视版权，其中两部正在拍…
",

,BJ单身日记3：为君痴狂, 图书 / 虚构 ,2,"人到中年的布丽吉特·琼斯已经是两个孩子的母亲，爱人马克·达西因为意外去世，BJ不得直面单身母亲的重任，照顾一双子女，并且在日常的琐碎中渐渐消耗生命。在好友的劝说下，BJ注册了推特帐号…
",

,智慧七柱Ⅰ, 图书 / 虚构 ,1,"本书记录了T. E.劳伦斯在沙漠中的战争回忆，被公认为“英语文学中最伟大的现代史诗”。第一次世界大战爆发后，劳伦斯毅然放弃考古工作，进入开罗军事情报部，负责中东地区的情报收集及战略建…
",

,电影密码, 图书 / 非虚构 ,2,"《电影密码》是马原以电影理论为题材的随笔，讲述了剧本的欣赏与创作、视角与结构、蒙太奇的运用等论题。 书中对多位电影大师：安东尼奥尼、希区柯克、卓别林、让一雅克·贝奈克斯、曼彻夫斯…
",

,放弃我，抓紧我：全2册, 图书 / 虚构 ,3,"陈乔恩、王凯、乔任梁领衔主演 年度时尚浪漫爱情大剧《放弃我，抓紧我》同名小说 婚纱的款式有很多种，公主型、鱼尾型、抹胸型…… 爱情的样子也有很多种，浪漫的、悸动的、心酸的…… 这…
",

,悲惨世界（中）, 图书 / 虚构 ,6,"《悲惨世界》(套装上下册)通过冉阿让等人的悲惨遭遇以及冉阿让被卞福汝主教感化后一系列令人感动的事迹，深刻揭露和批判了19世纪法国封建专制社会的腐朽本质及其罪恶现象，对穷苦人民在封建重…
",

,荣誉：影片《美国往事》读解, 图书 / 非虚构 ,2,"在北京电影学院有一门各系学生必修的课程：“影片分析课”。该课受到学生们的热烈欢迎。本书是该课主讲教员的部分讲义。 本书是一部影片读解著作，作者以其深厚的电影功力和对电影制作的深入…
",

,烟雨濛濛, 图书 / 虚构 ,2,"书恒的离开，让依萍仿佛伫立在四周空寂无人的荒野中，忘了空间，也忘了时间，在这烟雨濛濛的穹苍里，她找不到已失落的自己……这是一段引人入胜、动人心弦、催人泪下、婉约缠绵的爱情故事。 …
",

,蜀山战纪之剑侠传奇（第二部）, 图书 / 虚构 ,1,"上官警我本是蜀山三杰之一，却因爱妻横死，伤心入魔。玉无心原是深情少女，却被迫成为断情绝爱的复仇使者。乡村猎户丁隐原与妻子小玉伉俪情深，却因机缘巧合身怀赤魂石，跌入命运渊薮，更与玉…
",

,再见，宝贝, 图书 / 虚构 ,,"本书出版于1940年，是作者第二部以私家侦探马洛为主角的小说，三次改编为电影，另有舞台剧和广播剧版本。 马洛遭逢了凶悍的对手。正当他准备从一件平凡的案子中抽身时，却发现自己在正确的时…
",

,智慧七柱Ⅱ, 图书 / 虚构 ,,"本书记录了T. E.劳伦斯在沙漠中的战争回忆，被公认为“英语文学中最伟大的现代史诗”。第一次世界大战爆发后，劳伦斯毅然放弃考古工作，进入开罗军事情报部，负责中东地区的情报收集及战略建…
",

8.0,呼叫助产士, 图书 / 虚构 ,11,"20世纪50年代的伦敦东区人们，过着艰苦的生活。22岁的助产士詹妮•李来到这里，遇见了志同道合而性格迥异的同事与修女，也在逐渐融入当地人们的生活的过程中，见证了他们时而让人哀伤心碎、…
",

,继承者们（下）, 图书 / 虚构 ,,"这是一个高富帅和白富美的圈子，他们生下来便拥有一切，也注定被生意与争斗紧紧捆绑。在他们的人生里，没有相互喜欢，只有出于家族需要的联姻，这是坐拥一切的代价。可是，一定要向命运屈服吗…
",

,还珠格格1-3部（套装共8册）, 图书 / 虚构 ,,"两个背景不同、性格迥异的女子小燕子和紫薇相遇在几次混乱中，莫名地一见如故，结拜为姐妹。这时，小燕子才知道紫薇千里迢迢来找寻的父亲，竟是当今圣上乾隆！……宫中的冒牌格格小燕子日渐得…
",

,影视剧作艺术, 图书 / 非虚构 ,,"关于情节，我们最经常能听到的“经典”定义便是亚里士多德的《诗学》中所说的“情节是悲剧的第一原则，也可以说是悲剧的灵魂”。还有另外一个人们广为引用的定义：“情节，即人物之间的联系、…
",

,电影编剧学, 图书 / 非虚构 ,2,"写影视剧本的人必须掌握视听语言，要学会用声画结合的方式去讲故事；三是，因为影视是时间和空间相结合的艺术，因此写影视剧本的人必须具备影视的时空结构意识，要学会用时空的变化去结构剧本…
",

,昏迷不醒, 图书 / 虚构 ,2,"次意外，让事业有成、生活幸福的丁邵峰结识了孟小凡，孟小凡辛酸艰难的生活使丁邵峰同情，二人逐渐相识、相爱。这段不该发生的婚外情给丁邵峰的妻子安露带来了巨大的痛苦。此时，黑暗中有一双…
",

10.0,悲惨世界（上）, 图书 / 虚构 ,16,"《悲惨世界》(套装上下册)通过冉阿让等人的悲惨遭遇以及冉阿让被卞福汝主教感化后一系列令人感动的事迹，深刻揭露和批判了19世纪法国封建专制社会的腐朽本质及其罪恶现象，对穷苦人民在封建重…
",

,钢铁是怎样炼成的, 图书 / 虚构 ,,"《钢铁是怎样炼成的》是苏联作家尼古拉·奥斯特洛夫斯基根据自己亲身经历写成的一部优秀小说。主人公保尔·柯察金所走过的道路，反映了苏联第一代革命青年不怕困难、艰苦奋斗、勇于胜利的大无…
",

,闯关东2, 图书 / 虚构 ,,"《闯关东2》讲述了：1931年到1949年，是中国现代史上极为重要的一段时期：百余年来，中华民族第一次打败了外国侵略者，获得民族独立，实现了民族解放；中国人民彻底埋葬了黑暗腐朽的半封建、…
",

,神探夏洛克·3, 图书 / 虚构 ,,"《神探夏洛克》是近年上映的英剧作品，主演“卷福”(本尼迪克特康伯巴奇）“花生”（马丁弗瑞曼）凭借该系列剧集一炮走红，后来分别在获奖影片《霍比特人》《模仿游戏》《为奴十二年》中担纲…
",

,山海经之赤影传说 第二部, 图书 / 虚构 ,1,"上古时代纷争不断，按照祭司的预言，两大部落“东夷”和“九黎”分别派出人马前往桃花坳寻找各自的天降玄女以增强实力。一对好友苏茉和芙儿从此背负不同命运，一个要保护九黎百姓，另一个则要…
",

,我很怕，但我还有勇气！, 图书 / 非虚构 ,4,"本书是王伟忠先生在台湾《今周刊》杂志专栏上所写的文字结集。从台湾娱乐教父到大陆《中国梦之声》的评委，从娱乐领域的创意无限到文创领域的整装待发，他在书中讲述了自己年近六十仍然不断探…
",

,盖世太保枪口下的中国女人, 图书 / 非虚构 ,1,"《盖世太保枪口下的中国女人》，这是一段真实的历史，也是一个传奇的故事。 五十多年前，女主人公为追求科学与理想，从中国到比利时留学。不料战争爆发，比利时被德国纳粹占领。主人公从此投…
",

,纳尼亚传奇：银椅, 图书 / 虚构 ,1,"吉尔和尤斯塔斯为了躲避坏学生的恶作剧，逃入一扇通往荒野的小门，却到了另外一个世界的悬崖边。原来是阿斯兰召唤他们来接受一个任务：寻找老国王失踪已久的王子。 随后吉尔和尤斯塔斯踏上秘…
",

,一触即发, 图书 / 虚构 ,4,"本书是电视剧《一触即发》的原著小说，云谲波诡的上海滩，一对孪生兄弟阿初、阿次因家族惨案而从小分离。哥哥阿初自幼寄人篱下，刻苦努力的他最终成为了医学博士。弟弟阿次虽身在豪门，却并无…
",

,北方有佳人, 图书 / 虚构 ,1,"一个风雨飘摇的年代，一座沧桑斑驳的老城，一位风华绝代的佳人，一个“尖酸刻薄”的养母，一段剪不断理还乱的情感纠葛，一种催人泪下却无血缘关系的亲情，一个乱世与佳人、苦情与励志的传奇故…
",

,看守所, 图书 / 虚构 ,,"本书是我国第一部反映看守所生活的电视连续剧《看守所》同期图书，它撩开电网高墙的神秘面纱，将镜头对准光明与黑暗交织的角落，真实地记录下看守所平静安宁下激流汹涌的生活，描绘了一个个平…
",

,蜀山战纪之剑侠传奇（第三部）, 图书 / 虚构 ,1,"南明离火剑神秘失踪，封印西域魔宗的法力削弱，蜀山五骑辞师寻剑，寻剑险途，杀机四起。马贼掳走青云紫英，大荒八魔重现藏经阁，诡异武当人人自危，紫英险入魔道，丹辰子偷剑被俘，丁隐身陷八…
",

,继承者们：全2册, 图书 / 虚构 ,1,"这是一个高富帅和白富美的圈子，他们生下来便拥有一切，也注定被生意与争斗紧紧捆绑。在他们的人生里，没有相互喜欢，只有出于家族需要的联姻，这是坐拥一切的代价。可是，一定要向命运屈服吗…
",

,天台, 图书 / 虚构 ,1,"《天台》的故事发生在一个复古怀旧的虚拟时空，故事描述着两种人生，一种是住在天台上的人，他们天天载歌载舞，过着无忧无虑的日子；而住在天台下的人，却是比较有钱有势利。住在天台的医馆穷…
",

,山海经之赤影传说 第三部, 图书 / 虚构 ,2,"上古时代纷争不断，按照祭司的预言，两大部落“东夷”和“九黎”分别派出人马前往桃花坳寻找各自的天降玄女以增强实力。一对好友苏茉和芙儿从此背负不同命运，一个要保护九黎百姓，另一个则要…
",

,山海经之赤影传说, 图书 / 虚构 ,,"上古时代纷争不断，按照祭司的预言，两大部落“东夷”和“九黎”分别派出人马前往桃花坳寻找各自的天降玄女以增强实力。一对好友苏茉和芙儿从此背负不同命运，一个要保护九黎百姓，另一个则要…
",

7.4,欢乐颂.典藏版 2, 图书 / 虚构 ,12,"海归的高管，初入职场的乖乖女，犯傻的小职员，胡同里不能低下头的公主加上富二代的小奸商。 五个性格迥异的女生，五种不一样的青春，在一栋名为欢乐颂的公寓里，上演着关于成长，关于爱情，…
",

,走出非洲, 图书 / 虚构 ,1,"《走出非洲》是丹麦作家凯伦·布里克森在1937年发表的自传体小说，描绘了1914年至1931年，作者在非洲经营咖啡农场的故事。她匠心独运，将众多的人、事、景、物融于一炉，字里行间流露着对非洲…
",

,了不起的盖茨比, 图书 / 虚构 ,8,"一个偶然的机会，穷作家尼克闯入了挥金如土的大富翁盖茨比隐秘的世界，他惊讶地发现，盖茨比内心唯一的牵绊竟是河对岸那盏小小的绿灯——灯影婆娑中，住着心爱的黛茜。然而黛茜早已不是旧日的…
",

,蝴蝶公墓（影视版）, 图书 / 虚构 ,6,"文隽监制、马伟豪执导，悬疑大师蔡骏同名作品改编，由张俪、锦荣、李子峰、安悦溪、李若彤、汪小敏等联袂主演的奇幻爱情片《蝴蝶公墓》于2017年10月20日唯美上映！ 传说中，每座城市都有一个…
",

,马迭尔旅馆的枪声, 图书 / 非虚构 ,,"本书为电视剧同名小说。小说围绕一段真实的历史事件——粉碎日本制定的刺杀斯大林的“猎熊行动”计划，《马迭尔旅馆的枪声》讲述了二战前夕，共产国际情报机关在哈尔滨与日伪特务机关展开的一…
",

,影视剧作艺术教程, 图书 / 非虚构 ,1,"《影视剧作艺术教程》，本书对影视剧本的写作进行全面的讲解，包括情节、人物设置、剧本构成、剧本写作等内容。本书内容翔实，印证丰富，可读性强。 本书作者：周涌、何佳。 周涌：中国传…
",

,纳尼亚传奇：狮子、女巫和魔衣橱, 图书 / 虚构 ,1,"小女孩露西无意间躲进了衣橱里，她往里走，往里走……忽然，她发现自己竟然站在冰天雪地里——她来到了纳尼亚。这时的纳尼亚终年寒冬。 白女巫拥有可怕的魔法，她将反抗者们都变成了石头。古…
",

,还珠格格：第二部之风云再起, 图书 / 虚构 ,,"乾隆二十五年，新疆王将掌上明珠含香献给乾隆皇帝。小燕子、紫薇、永琪、尔康得知含香和心上人蒙丹的相恋故事，竟路见不平，决定要助有情人终成眷属，甚至把蒙丹偷带入宫…… 琼瑶，本名陈…
",

,丑女无敌：小说版（第1季）, 图书 / 虚构 ,1,"毕业于重点大学金融专业的女研究生林无敌，因为相貌的问题，屡次求职受挫。但家庭经济的困难让她不得不愈挫愈勇，继续四处投递简历，直到国内著名的广告公司“概念”给她打来了面试的电话。不…
",

,纳尼亚传奇：最后一战, 图书 / 虚构 ,,"在纳尼亚的大锅潭瀑布，阴险狡诈的无尾猿速移假借阿斯兰的名义与卡乐门人勾结，企图占领纳尼亚，纳尼亚的国王缇瑞安被囚禁。一千年前以阿斯兰之名的召唤回到纳尼亚的七位王者进入缇瑞安的梦境…
",

,还珠格格：第二部之浪迹天涯, 图书 / 虚构 ,,"开始逃亡的日子厄运连连，狼狈不堪，但小燕子和紫薇等人都以冒险犯难的心情迎接每一个惊心动魄的时刻，不但沿路打抱不平、斗鸡赌钱，还忙着卖艺赚生活费，破解小燕子的身世之谜，简直比在皇宫…
",

,家贼, 图书 / 虚构 ,4,"电视剧《买办之家》的热播，使观众对作者的身世产生了好奇。出生于天津卫买办之家的小少爷林希，二十世纪五十年代被打成年龄最小的胡风分子和学生右派，八十年代复出后以《相士无非子》、《高…
",

,还珠格格：第二部之生死相许, 图书 / 虚构 ,,"乾隆二十五年，新疆王将掌上明珠含香献给乾隆皇帝。小燕子、紫薇、永琪、尔康得知含香和心上人蒙丹的相恋故事，竟路见不平，决定要助有情人终成眷属，甚至把蒙丹偷带入宫…… 琼瑶，本名陈…
",

,烟雨濛濛, 图书 / 虚构 ,1,"书恒的离开，让依萍仿佛伫立在四周空寂无人的荒野中，忘了空间，也忘了时间，在这烟雨濛濛的穹苍里，她找不到已失落的自己…… 这是一段引人入胜、动人心弦、催人泪下、婉约缠绵的爱情故事。
…
",

,红楼梦（绣像珍藏本·共2册）, 图书 / 虚构 ,,"中国古典四大名著之一。原名《石头记》，在贾、史、王、薛四大家族兴衰的背景下，生动深刻地描绘了“木石前盟”“金玉良缘”的爱情悲剧，塑造了贾宝玉、林黛玉、薛宝钗、王熙凤等个性鲜明的艺…
",

,巴黎圣母院, 图书 / 虚构 ,1,"小说《巴黎圣母院》艺术地再现了四百多年前法王路易十一统治时期的真实历史，宫廷与教会如何狼狈为奸压迫人民群众，人民群众怎样同两股势力英勇斗争。小说中的反叛者吉卜赛女郎爱斯美拉达和面…
",

,蜀山战纪之剑侠传奇（第四部）, 图书 / 虚构 ,1,"蜀山五骑辞师寻剑，三大神剑认主归顺。武当山翠屏峰，青云妙计收剑灵，青索剑温顺地缠绕青云的手臂，化作一只青色的手镯，同时数道青色的耀眼光芒从手镯中升起，穿破洞顶，直指云霄。青崇山铸…
",

,密室之无可逃脱, 图书 / 虚构 ,,"经过了一段的沉寂后，柳飞云与李晓峰合伙开了家只有一名员工的皮包公司。在整整亏损了三个月之后，他们饥不择食地接下了自开张以来的第一单生意：调查一具四处游荡的尸体！随后，便陷入到了一…
",

,悲惨世界（下）, 图书 / 虚构 ,6,"《悲惨世界》(套装上下册)通过冉阿让等人的悲惨遭遇以及冉阿让被卞福汝主教感化后一系列令人感动的事迹，深刻揭露和批判了19世纪法国封建专制社会的腐朽本质及其罪恶现象，对穷苦人民在封建重…
",

,战地花开, 图书 / 虚构 ,,"《战地花开》长篇小说根据同名电视剧《战地花开》改编。故事置于抗战时期第一次湖南长沙保卫战的背景之下，围绕着一批年轻貌美且身份各异的姑娘们展开。 作者：李康
",

,悲惨世界（上）, 图书 / 虚构 ,,"这是法国十九世纪浪漫派领袖雨果继《巴黎圣母院》之后创作的又一部气势恢宏的鸿篇巨著。全书以卓越的艺术魅力，展示了一幅自1793年法国大革命至1832年巴黎人民起义期间，法国近代社会生活和政…
",

,追捕渣滓洞刽子手, 图书 / 虚构 ,,"历来的红岩故事只写渣滓洞监狱中志士的慷慨悲歌、视死如归。本书另辟蹊径，以档案史料和真实的历史为背景，以小说的笔法描写了重庆解放初期渣滓洞刽子手潜伏、破坏，公安机关挖潜、追逃的惊心…
",

,基督山伯爵：下册, 图书 / 虚构 ,,"《基督山伯爵》（又称《基督山恩仇记》）主要讲述19世纪一位名叫埃德蒙·当泰斯的大副即将获得幸福却遭到无端陷害后的悲惨遭遇，以及日后以基督山伯爵身份成功复仇的故事。哥特式的故事情节、…
",

,还珠格格：第三部之天上人间（中）, 图书 / 虚构 ,,"永琪和知画要成亲了？促成婚事的竟是小燕子？！乾隆南巡，又发生了什么事？夏盈盈和乾隆的忘年之爱，掀起了怎样的轩然大波？才华横溢的知画，怎会进了皇宫，成为五阿哥的新娘？紫薇和尔康有了…
",

,大栅栏, 图书 / 虚构 ,,"一个乡长的乡里故事。 我们都生活在一个又一个的圈子里，这圈子是用栅栏围成的，里面能看见外面，外面能看见里面。栅栏里是耕田，小麦、白菜、鲜花和杂草，都青翠翠地生长着…… 于文胜，男…
",

,最后一战（中英双语）, 图书 / 虚构 ,1,"前往魔法之地纳尼亚的终极旅程，是同邪恶的大决战。 纳尼亚……那里最后的国王英勇奋战，当悲伤的道别化作欢歌……冒险重又开始。 一只无尾猿无意中拣到一张狮子毛皮，劝诱他的朋友——头脑…
",

,继承者们（上）, 图书 / 虚构 ,,"这是一个高富帅和白富美的圈子，他们生下来便拥有一切，也注定被生意与争斗紧紧捆绑。在他们的人生里，没有相互喜欢，只有出于家族需要的联姻，这是坐拥一切的代价。可是，一定要向命运屈服吗…
",

,花红花火, 图书 / 虚构 ,,"女酿酒师花红被养父故意输给田树根，田树才代兄迎亲，新婚之夜，土匪陈三炮打劫田家，抢走新娘花红。田老爷临死留嘱永世不许田家向陈三炮复仇。花红酿的酒获国际金奖，有人在觊觎着田家酒坊，…
",

,基督山伯爵：上册, 图书 / 虚构 ,2,"《基督山伯爵》（又称《基督山恩仇记》）主要讲述19世纪一位名叫埃德蒙·当泰斯的大副即将获得幸福却遭到无端陷害后的悲惨遭遇，以及日后以基督山伯爵身份成功复仇的故事。哥特式的故事情节、…
",

,还珠格格：第三部之天上人间（下）, 图书 / 虚构 ,,"尔康战死沙场？紫薇決定殉情相随？！清缅战争，永琪、尔康、萧剑都上了战场，付出怎样惨痛的代价？尔康战死沙场，紫薇的幸福在一剎那间瓦解崩裂，她将如何面对？萧剑、小燕子和乾隆间的杀父之…
",

,飘（下）（经典世界名著）, 图书 / 虚构 ,,"故事以19世纪60年代美国南北战争和战后重建时期为背景，以女主人公郝思嘉曲折、哀婉的生活、爱情与婚姻故事为主线，描绘了内战前后美国南方人的生活。小说在描绘人物生活与爱情的同时，勾勒出…
",

,为了美好生活新愿景：岩松夏丹十八大观察, 图书 / 非虚构 ,,"本书记录的，是短短六期“十八大观察”的节目内容。呈现的，是未来5年、10年甚至更长时间，中国前行的道路和方向。见证的，是一群有点疑惑，有点犹豫，有点忐忑，但最终还是选择勇往直前、突…
",

,还珠格格：第一部（下）, 图书 / 虚构 ,,"宫中的冒牌格格小燕子日渐得宠，宫外的正牌格格紫薇却妾身未明，为了让她们俩各归其位，尔康、永琪、尔泰不得不冒被杀头的危险，把紫薇送进宫中…… 琼瑶，本名陈喆，台湾最著名女作家、影…
",

,朱莉去哪儿了？, 图书 / 虚构 ,,"本剧荣获2001年肯尼迪中心美国大学生戏剧节二区编剧奖、2008年西北地区高中戏剧节最佳制作、最佳女主角、最佳女配角、最佳声效奖。 15岁的朱莉离家出走了，是为了逃离粗言秽语又酗酒成性的父…
",

,还珠格格第一部（套装全2册）, 图书 / 虚构 ,,"两个背景不同、性格迥异的女子小燕子和紫薇相遇在几次混乱中，莫名地一见如故，结拜为姐妹。这时，小燕子才知道紫薇千里迢迢来找寻的父亲，竟是当今圣上乾隆！……宫中的冒牌格格小燕子日渐得…
",

,还珠格格第二部（套装全3册）, 图书 / 虚构 ,,"乾隆二十五年，新疆王将掌上明珠含香献给乾隆皇帝。小燕子、紫薇、永琪、尔康得知含香和心上人蒙丹的相恋故事，竟路见不平，决定要助有情人终成眷属，甚至把蒙丹偷带入宫……中册：小燕子、紫…
",

,纳尼亚传奇：凯斯宾王子, 图书 / 虚构 ,,"千余年后的纳尼亚被入侵的台尔马人占领数百年，小矮人、树精、能言兽等逐渐绝迹。纳尼亚此时的国王米拉兹弒兄篡位，侄子凯斯宾王子一直被蒙在鼓里，后经家庭教师克奈尔斯博士相告才得知真相。…
",

,还珠格格第三部（套装全3册）, 图书 / 虚构 ,,"小燕子和紫薇婚后，到底发生了一些什么事？大而化之、状况不断的小燕子，能够当五阿哥的贤内助吗？乾隆南巡，又发生了什么事？夏盈盈和乾隆的忘年之爱，掀起了怎样的轩然大波？才华横溢的知画…
",

,中国现代性的影像书写, 图书 / 非虚构 ,1,"《中国现代性的影像书写：新时期改革题材电视剧研究》重点从“主题思想”、“人物塑造”、“艺术叙事”、“现代性体验”、“艺术生产”和“艺术接受”等几个主要方面来揭示和阐述改革题材电视…
",

7.4,欢乐颂. 典藏版 3, 图书 / 虚构 ,16,"海归的高管，初入职场的乖乖女，犯傻的小职员，胡同里不能低下头的公主加上富二代的小奸商。 五个性格迥异的女生，五种不一样的青春，在一栋名为欢乐颂的公寓里，上演着关于成长，关于爱情，…
",

,苍天有泪（套装全3册）, 图书 / 虚构 ,,"在一夕之间,雨凤和雨鹃这对绝色的姐妹，竟尝尽人间最大的悲剧！展家二少爷的一把火，烧尽了寄傲山庄、烧死了父亲、更烧掉全部的希望。带着三个年幼的弟妹，柔弱的雨凤和倔強的雨娟怎么挑得起…
",

,纳尼亚传奇：能言马与男孩, 图书 / 虚构 ,,"穷苦男孩沙斯塔和能言马布里一起逃离卡乐门，前往幸福的国度纳尼亚。在狮子的追赶下，他遇到阿拉维斯和她的能言马赫温。他们结伴同行，但刚走到塔什班城，沙斯塔和阿拉维斯的原定计划就被打乱…
",

,漫不经心的传奇：法国电影与电影的法国 , 图书 / 非虚构 ,3,"《漫不经心的传奇：法国电影与电影的法国》是一部透过法国电影咂摸法国文化的佳作。 本书贯穿着作者对法国社会和文化长达十年的观察、体验与求证，电影成为作者向读者描绘法国的最好介质，因…
",

,谎言西西里, 图书 / 虚构 ,,"来自韩国的大男孩俊浩在意大利西西里岛长大，他的身上有着如同阳光一般和煦的热情，一点点融化了中国少女小悠冰冷的面具。 是不是每一段温暖的开始，都会如愿伴随着阳光结束？ 小悠思来想去…
",

,激情燃烧的岁月, 图书 / 虚构 ,,"这是一个关于爱情持久战的故事：一个无坚不摧的战斗英雄，一次激情的遭遇，他陷入了一场爱情的持久战，他用他的毕生占领了他心爱女人的心，他爱得那么深、那么无怨无悔…… 全国解放前夕，在…
",

,纳尼亚传奇1：狮子·女巫·魔衣橱, 图书 / 虚构 ,,"《纳尼亚传奇1：狮子·女巫·魔衣橱》讲述了，彼得、苏珊、爱德蒙、露茜通过乡间大宅里的一个魔衣橱来到了神奇的纳尼亚。 在那里，四兄妹与阿斯兰一同击败了白女巫，收复了纳尼亚。四兄妹在…
",

,青年霍元甲（上）, 图书 / 虚构 ,,"霍父是镖局元老，后退隐江湖，不希望子承旧业。可过去的仇人非要置霍家于死地。大难来临之时， 霍元甲无力拯救家人，受尽屈辱。突击学艺，救全家和乡亲们于水火之中。成为全村英雄。他被恶势…
",

,长恨歌, 图书 / 虚构 ,,"一个女人40年的情与爱，被一枝细腻而绚烂的笔写得哀婉动人，跌宕起伏。 20世纪40年代，还是中学生的王琦瑶被选为“上海小姐”，从此开始命运多舛的一生，做了某大员的“金丝雀”，从少女变…
",

,聂隐娘：唐传奇精选（文白对照插图本）, 图书 / 虚构 ,5,"本书是唐代裴鉶所著文言短篇小说集《传奇》中的一篇。唐传奇的出现是我国文言小说成熟的标志，其中很多作品对后世的文学经典创作有着深远的影响。比如王实甫的《西厢记》就是取材于唐代传奇《…
",

,神探夏洛克·5, 图书 / 虚构 ,,"《神探夏洛克》是近年上映的英剧作品，主演“卷福”(本尼迪克特康伯巴奇）“花生”（马丁弗瑞曼）凭借该系列剧集一炮走红，后来分别在获奖影片《霍比特人》《模仿游戏》《为奴十二年》中担纲…
",

,再见，老男孩, 图书 / 虚构 ,1,"经典怀旧剧情《老男孩》后续故事，感人怀旧，催泪情节——筷子兄弟一夜成名之后，肖大宝却意外车祸成为了植物人……王小帅会为自己的梦想继续单飞么？校花马玲最终离开了包子，她是否会回到植…
",

,王禅传奇, 图书 / 虚构 ,,"小说《王禅传奇》，是在电视剧的基础上改编而成。故事通过文学艺术手段描写，情节生动感人，人物性格表现的都活灵活现，故事走向明确，悬念新颖。如传说中说：王禅能“呼风唤雨，撒豆成兵”，…
",

,宁波商帮, 图书 / 非虚构 ,,"本书收录周时奋在影视文学创作领域的专题片作品和解说词11篇，主要有《宁波商帮》、《中国越剧》、《认识宁波》和《慈城》等，大多创作于21世纪初。其中《中国越剧》为袁雪芬等越剧大家和越剧…
",

,后厨, 图书 / 虚构 ,2,"《后厨》五星级酒店的行政总厨徐冰，身为女性，年过三十，统帅着一个上百人的大厨房，关起门来，她就是这个厨房的女王。她下面有若干二厨，若干三厨，若干帮厨，从他们的服色，领巾，以及帽子…
",

,青年霍元甲（全集）, 图书 / 虚构 ,,"霍父是镖局元老，后退隐江湖，不希望子承旧业。可过去的仇人非要置霍家于死地。大难来临之时， 霍元甲无力拯救家人，受尽屈辱。突击学艺，救全家和乡亲们于水火之中。成为全村英雄。他被恶势…
",

,梦回唐朝（下）, 图书 / 虚构 ,,"天海博物馆研究员李冰荷和李宇凡是一对对唐朝历史十分痴迷的兄妹，孪生通心，所以姐弟二人常做同一个梦。冰荷与宇凡在追寻被盗文物的路上发生车祸……宇凡为了唤醒昏迷不醒的姐姐一再潜入唐朝…
",

,呼啸山庄, 图书 / 虚构 ,2,"吉卜赛弃儿希斯克利夫被呼啸山庄的主人恩肖先生收养后，与其女凯瑟琳相互爱慕，并且反抗其子亨得利的专横暴虐。凯瑟琳因为和希斯克利夫社会地位的悬殊以及自己的虚荣心，接受了画眉山庄的主人…
",

,女明星奋斗史, 图书 / 虚构 ,1,"影视圈一直是无数少男少女向往的天堂，一直以来多少人都以为影视圈风光无限，金钱重磅，名利双收，事实上，多少俊男美女为了星光大道成名之路，都付出了不为人之的惨痛代价...... 本小说真实…
",

,天机, 图书 / 虚构 ,,"本书以元代名画《富春山居图无用师卷》被偷一事为线索，讲述主人公胡林楠临危受命，用自己过人的智慧协助警方追回被盗国宝的故事。而在案件侦破的过程中，也揭开了被历史掩藏的惊天秘密。原来…
",

,纳尼亚传奇：魔法师的外甥, 图书 / 虚构 ,1,"迪格雷和波莉被安德鲁舅舅利用魔戒，送到一个可以通往不同世界的神秘树林。在树林里，两人用魔戒穿梭到恰恩城。好奇心让迪格雷敲响了宫殿内的小钟，打破了禁锢恰恩城的魔咒，导致恰恩城彻底崩…
",

8.0,西游记, 图书 / 虚构 ,12,"《西游记》为明代小说家吴承恩所著。取材于《大唐西域记》和民间传说、元杂剧。宋代《大唐三藏取经诗话》（本名《大唐三藏取经记》）是西游记故事见于说话文字的最早雏形，其中，唐僧就是以玄…
",

,控制, 图书 / 虚构 ,1,"本书是2013年度姚晨、吴彦祖主演的电影《控制》的原著小说。讲述了主人公马克为了母亲替公司做伪证，遭神秘人要挟，被迫去银行盗巨款。而银行经理竟是马克的初恋情人，取钱后两人旧情复燃。之…
",

,怦然心动, 图书 / 虚构 ,3,"布莱斯全家搬到小镇，邻家女孩朱莉前来帮忙。她对他一见钟情，心愿是获得他的吻。两人是同班同学，她一直想方设法接近他，但是他避之不及。她喜欢爬在高高的梧桐树上看风景。但因为施工，树要…
",

,石油母亲, 图书 / 虚构 ,,"韦庄一条很深的巷子，两边是参差不齐而又十分简陋的土坯房。土墙上依稀可见已经褪色的“农业学大寨”的标语。一个穿着短袖花格子上衣、身材壮实的农村中年妇女一边急速奔跑，一边扯着嗓子大喊…
",

,大汉王朝, 图书 / 虚构 ,,"本书包括《铁梨花》《淝水大战》《初夏的风》《地狱究竟有几层》《大汉王朝（上集）》和《大汉王朝（下集）》。从晋陕交界的抢亲事件到滇西南的抗日战场，从爱恨纠葛的情感恩怨到硝烟弥漫的家…
",

,三国演义, 图书 / 虚构 ,2,"《三国演义》是中国古典四大名著之一，是中国第一部长篇章回体历史演义小说，全名为《三国志通俗演义》，作者是元末明初的小说家罗贯中。 《三国演义》描写了从东汉末年到西晋初年之间近105…
",

,校花诡异事件, 图书 / 虚构 ,,"中国版《人鬼情未了》完美演绎。 将脸藏在阴影处的老板；笑容如鬼娃花子般诡异的老板娘；全身湿淋淋贞子般恐怖的红衣女人；皮肤惨白发出夜枭哭声的小男孩…… 深山古镇里，一夜之间，小镇旅…
",

,悔丁族, 图书 / 虚构 ,1,"故事讲述了一对典型的“悔丁”夫妻梅亚楠和向志远，妻子随着年龄增长面临不能生育的危机，更糟糕的是此时她发现一向坚持“丁克”的丈夫早已经迫切地想要一个孩子了。而他们的好友，相恋多年“…
",

,蜀山战纪之剑侠传奇, 图书 / 虚构 ,,"作为蜀山三杰之一的上官警我本是门中潇洒不羁的风云人物，却因不满师父断他一臂，又被禁闭在伏魔谷而心生怨念，于是修炼禁术血影神功，加之体内有赤魂石能量，使得他走火入魔，在师兄诸葛驭我…
",

,功夫婆媳, 图书 / 虚构 ,,"三流国标舞者任小弦婚前得知未婚夫黄乐宗竟是武术世家的贵公子。不料这个麻雀变凤凰的浪漫开始，却随着黄乐宗在蜜月期的神秘失踪，变成了“噩梦”。 身为武术大师的婆婆梅超英在经历失子之痛…
",

,银椅（中英双语）, 图书 / 虚构 ,2,"深深的地下，邪恶的魔法之网囚禁着一位王子。 纳尼亚……那里猫头鹰召开议会，当邪恶编织着魔咒……巫术征服了大地。 尤斯塔斯和女生吉儿被一群坏学生所追赶，逃进了一扇通往荒野的小门，意…
",

,蜀山战纪之剑侠传奇（第五部）, 图书 / 虚构 ,,"这一刻，丁隐已然降服了心魔，战胜了宿命，看化了仇恨，超越了生死。如果说他的人生，是一场连着一场为人操控的傀儡戏目，那么他此刻已然挣断了一切命运的伏线，可以笑忘前愆，将业火化作红莲…
",

,如果可以这样爱（下）, 图书 / 虚构 ,2,"这辈子，欲罢不能，我只能献出蓬勃的心跳延续我对你爱的坚持；下辈子，你一定要给我更早的机会相遇，我们只能是彼此的唯一。 三年光阴转瞬即逝，他跟她心里隔着汪洋大海，不论是他过来还是她…
",

,锋刃, 图书 / 虚构 ,1,"东华洋行行长沈西林，在天津商界呼风唤雨。但很少有人知道，他还有另外一个身份：汪伪政权特务委员会情报处处长。他花天酒地，左右逢源。然而日本陆军情报机关新派来的大佐武田弘一却对其身份…
",

,莱西回家, 图书 / 虚构 ,,"乔·凯拉克劳福非常难过，他怎么也弄不明白父母为什么把莱西卖掉；而莱西同样也不明白为什么主人把她送到一个陌生的环境中。她一次次从新家逃脱，一次次履行她终身 的义务——去学校门口等待…
",

,赌玉, 图书 / 虚构 ,1,"雕刻高手顾一诺因为祖上遗留下来的恩仇纠葛，带着妹妹潜入家乡寻凶，却误打误撞爱上不该爱的女子郑雪竹。随后顾一诺深陷各种危险困境之中，面对一个又一个生死挑战，他依旧痴心不改，最终与有…
",

,007谍海系列：霹雳风暴, 图书 / 虚构 ,,"传奇特工007－詹姆斯·邦德驰骋荧屏40年，经典电影原著小说中国大陆首次引进出版、震撼登陆。 詹姆斯·邦德大战魔鬼党——掀起《霹雳风暴》，同名电影荣获第38届奥斯卡最佳视觉效果奖，好莱…
",

,铁面歌女, 图书 / 虚构 ,,"20世纪30年代的上海滩，玫瑰庄园的新女主人阿布，被夜色深处神秘的歌声吸引。当她在重重迷雾中寻找真相时，真正的幕后操纵者正隐藏在黄浦江畔对她虎视眈眈。原来，丈夫白一鸣（陆毅饰）是“海…
",

,神探夏洛克·4, 图书 / 虚构 ,1,"《神探夏洛克》是近年上映的英剧作品，主演“卷福”(本尼迪克特康伯巴奇）“花生”（马丁弗瑞曼）凭借该系列剧集一炮走红，后来分别在获奖影片《霍比特人》《模仿游戏》《为奴十二年》中担纲…
",

,说好永远陪伴你, 图书 / 虚构 ,1,"这是一个深情动人的人狗之间感情的故事，是《在轮回中找你》的延续。小说的主题是“轮回”与“狗狗爱人”。 从书中的女主角克拉丽缇朱恩CJ的孩提时代起，就有一只忠诚的狗狗一直守护着她。CJ…
",

,青年霍元甲（下）, 图书 / 虚构 ,,"霍父是镖局元老，后退隐江湖，不希望子承旧业。可过去的仇人非要置霍家于死地。大难来临之时， 霍元甲无力拯救家人，受尽屈辱。突击学艺，救全家和乡亲们于水火之中。成为全村英雄。他被恶势…
",

,女管家, 图书 / 虚构 ,,"东方靖琪幼年时家中发生巨变，义父吴啸天将其收养并教授其医术。长大成人后，心怀仇恨的东方靖琪用化名进入暨阳县药商杜远山府里做丫鬟。在实施复仇计划的过程中，靖琪却发现当年的惨剧另有隐…
",

,幸福时光, 图书 / 虚构 ,,"本书收录了《幸福时光》的电影小说和拍摄剧本，并附有创作备忘录，第一次向世人展示了一个著名导演和他的主创人员如何将一部电影进行到底……。 作者: 鬼子
",

,金黄血红, 图书 / 虚构 ,,"《金黄血红》设置的故事情节，跌宏起伏，曲折复杂。剧本自始至终围绕筹集黄金和护送黄金这条主线而展开故事。我党私、密筹集黄金送延安，马主招日寇得到密报后，千方百计抢夺黄金，偷运东京。…
",

,夏天，十九岁的肖像, 图书 / 虚构 ,6,"那年夏天，与你共赏的海，我是不会忘记的。 因事故住院的青年，对病房窗外一户独门独院的小楼产生了兴趣，开始观察起那一家人的生活来。不料，某个夜晚，他似乎目击到了那家的女儿杀掉父亲的…
",

,梦回唐朝（上）, 图书 / 虚构 ,,"天海博物馆研究员李冰荷和李宇凡是一对对唐朝历史十分痴迷的兄妹，孪生通心，所以姐弟二人常做同一个梦。冰荷与宇凡在追寻被盗文物的路上发生车祸……宇凡为了唤醒昏迷不醒的姐姐一再潜入唐朝…
",

category,brief,title,count,price,author,rate
 图书 / 虚构 ,"《白夜行》姊妹篇《幻夜》购买地址：http://read.douban.com/ebook/698016/ 1973年，大阪的一栋废弃建筑中发现一名遭利器刺死的男子。案件扑朔迷离，悬而未决。 此后20年间，案件滋生出的…
",白夜行,4040,,,9.6
 图书 / 虚构 ,"二十世纪三十年代，大萧条时期美国南部的一个小镇，三个孩子平静的生活被两桩冤案彻底打破。传闻与事实，坚强与软弱，正义与邪恶，忠诚与背叛，他们在痛苦与矛盾中艰难地拨开生活的重重迷雾，…
",杀死一只知更鸟,360,,,9.4
 图书 / 虚构 ,"只有你身为女人才会知道这些丑陋的秘密； 两个女人，50年的友谊和战争。 《我的天才女友》是埃莱娜·费兰特“那不勒斯四部曲”的第一部，讲述了两个女主人公莉拉和埃莱娜的少女时代。故事…
",我的天才女友,303,,,8.8
 图书 / 虚构 ,"“科幻鬼才”菲利普•迪克成长于西方科技文明创造出的崭新辉煌的时代。彼时，人类进入了太空，登上了月球，成功制造出第一台工业用机器人……科技的蓬勃发展也催生出主流科幻小说对人类创造…
",仿生人会梦见电子羊吗？,118,,,9.0
 图书 / 虚构 ,"《傲慢与偏见》主讲了奥斯丁的讽刺艺术，不仅表现在某些人物的喜剧性格上，也不仅表现在众多情节的喜剧性处理上，而且还融汇在整个故事的反讽构思中，让现实对人们的主观臆想进行嘲讽。男主角…
",傲慢与偏见,438,,,9.4
 图书 / 虚构 ,"电影《浪潮》（Die Welle）同名原著。 世界离独裁有多远？ 35岁的德国导演丹尼斯·甘赛尔（Dennis Gansel）透过他杰出的电影《浪潮》给出了一个惊人的答案：世界离独裁只有五天！ 《浪潮…
",浪潮,8,,,
 图书 / 虚构 ,"原网络著名“谋杀官员”系列，国内首部“反类型”罪案小说。本作品一经推出，立刻引发轰动效应，作者用直白、利落的笔触，透视社会夹缝中的罪恶之源，写就最悲怆的宿命。 众目睽睽下的杀人游…
",高智商犯罪：死神代言人,1390,,,9.0
 图书 / 虚构 ,"《北京遇上西雅图之不二情书》吴秀波、汤唯因《查令十字街84号》结缘，以书为证，以信为媒，演绎《查令十字街84号》新故事。 纪念作者诞辰一百周年（1916.4.15-2016.4.15）；译者陈建铭修…
",查令十字街84号,869,,,9.0
 图书 / 虚构 ,"七个短篇小说，七把扎出人性荒诞的利刃。 程耳的小说如同他的电影，循环推进，起落得当，总要人怀着好奇与疑惑，绝难一览无余。他通过冷静自律又舒缓细腻的叙述，连接往昔与现在，抖落隐秘--…
",罗曼蒂克消亡史,1049,,,8.0
 图书 / 虚构 ,"同名电视剧原著小说，唯一专有版权。 在从清末民初到建国之初的半个世纪里，一阵阵狂风掠过了白鹿原上空，而每一次的变动都震荡着它的内在结构：打乱了再恢复，恢复了再打乱，细腻地反映出白…
",白鹿原,1110,,,9.6
 图书 / 虚构 ,"《天下粮仓》姊妹篇，清朝版《人民的名义》，同名电视剧央视热播中！ 民以食为天，中国历史是三千年粮仓保卫战； 只有读懂了中华大地上的粮食，才能真正读懂中国历史； 披肝沥胆、十年磨成…
",天下粮田,2,,,
 图书 / 非虚构 ,"自1997年初版以来，《故事》一直是全世界编剧的第一必读经典，至今，仍属于美国亚马逊最畅销图书中的Top 100。集结了罗伯特•麦基30年的授课经验，本书在对《教父》《阿甘正传》《星球大战…
",故事：材质、结构、风格和银幕剧作的原理,145,,,9.4
 图书 / 虚构 ,"《妻妾成群》借旧中国特有的封建家庭模式作小说的框架，一个男人娶了四个女人做太太。但作者关心的不是一个男人如何在四个女人中周旋，如何控制她们，而是关心四个女人怎会把她们一齐拴在一个…
",妻妾成群,154,,,8.6
 图书 / 虚构 ,"宫崎骏的《起风了》，是根据零式战斗机设计师堀越二郎的人生事迹和作家堀辰雄的同名小说改编，与堀辰雄的自传体故事相契合的部分可能只有一个追求梦想的少年和薄命少女的恋爱故事。纯洁的心灵…
",起风了,21,,,7.6
 图书 / 虚构 ,"西游是一个很悲壮的故事，是一个关于一群人在路上想寻找当年失去的理想的故事。 五百年，很漫长吗？没有记忆能穿透它。没有什么是永恒的。不如忘记吧。 五百年后，戴上了金箍、忘记了自己是…
",悟空传,331,,,8.2
 图书 / 虚构 ,"《幻夜》姊妹篇《白夜行》购买地址：http://read.douban.com/ebook/680843/ 是什么样的过去，造就了她的魔性？ 是什么样的幻影，操纵着他的灵魂？ 我们只能走在幻夜的路上，即使四周明亮…
",幻夜,506,,,8.6
 图书 / 虚构 ,"此版本为中文翻译版，本书的英文原版：https://read.douban.com/ebook/23328970/ 「哈利用颤抖的手把信封翻转过来，只见上面有一块蜡封、一个盾牌饰章，大写“H”字母的周围圈着一头狮子、…
",哈利·波特与魔法石,200,,,9.8
 图书 / 虚构 ,"《老人与海》是海明威最著名的中篇小说，曾获普利策奖和诺贝尔文学奖。小说塑造了人类文学史上一个平民英雄的形象：古巴老渔夫圣地亚哥出海八十四天都一无所获，但他却并未绝望，最终钓上了一…
",老人与海,196,,,8.6
 图书 / 虚构 ,"朱莉安娜·贝克虔诚地相信三件事：树是圣洁的，特别是她最爱的无花果树；她在后院里饲养的鸡下的蛋是最卫生的；总有一天她会和布莱斯·罗斯基接吻。二年级时，在看到布莱斯蓝眼睛的那一瞬间，…
",怦然心动,74,,,9.6
 图书 / 虚构 ,"林真理子“日本泡沫经济时代三部曲”代表之作，围绕女主人公引出的三条叙事线并进，被誉为三部曲中构思设计最为精巧之作！ 年轻离异的日本职业编剧泽野瑞枝因为一次采访邂逅了地产巨子郡司…
",遗失的世界,63,,,8.0
 图书 / 非虚构 ,"陈坤动情自述从出身贫寒的“北漂”青年一夜成名到找回自我，继而重新上路的成长历程。关于亲情与友情、家庭与事业、名利与信仰的心灵全纪录。 本书记录了陈坤带领十名大学生志愿者行走西藏过…
",突然就走到了西藏,527,,,8.4
 图书 / 虚构 ,"这是一本让人又爱又恨的恐怖小说。 故事发生在美国缅因州小镇德里。一个雨天，威廉给弟弟乔治做了艘纸船，弟弟高高兴兴出门去街上放船，不久后却惨死在下水道口。接下来镇上不断有小孩失踪或…
",它：小丑回魂（套装全两册）,,,,
 图书 / 虚构 ,"《骆驼祥子》是老舍用同情的笔触描绘的一幕悲剧：二十年代的北京，一个勤劳、壮实的底层社会小人物怀着发家、奋斗的美好梦想，却最终为黑暗的暴风雨所吞噬。它揭示了当时“小人物”的奴隶心理…
",骆驼祥子,246,,,9.4
 图书 / 虚构 ,"此版本为“哈利·波特”完整系列的中文版，英文原版见：https://read.douban.com/ebook/23350515/ 获奖无数、全球畅销的哈利波特全套七本电子书，搭配 Olly Moss 引人入胜的封面绘图。加入全…
",哈利·波特完整系列 （全七册）,59,,,9.8
 图书 / 虚构 ,"三个谜样的男人，一个美丽的女童。 正值盛年的杨自道、辛小丰、陈比觉，拼命工作，低调做人。他们不娶妻，不交友，回避闹市区的繁华，在偏僻处，合力抚养一个叫“尾巴”的弃婴。率性、狡黠的…
",太阳黑子（《烈日灼心》电影原著小说）,775,,,9.0
 图书 / 虚构 ,"此版本为中文翻译版，本书的英文原版：https://read.douban.com/ebook/37037745/ 十九年后，“哈利·波特”的第8个故事。 《哈利·波特与被诅咒的孩子》以J.K.罗琳、约翰·蒂法尼和杰克·…
",哈利·波特与被诅咒的孩子,208,,,8.4
 图书 / 虚构 ,"史实与悬疑、艺术与惊悚……天衣无缝的雅俗融合，难觅破绽的情节营造，欲罢不能的阅读快感！ 午夜，卢浮宫博物馆年迈的馆长被人杀害在大陈列馆的镶木地板上。在人生的最后时刻，馆长脱光了衣…
",达·芬奇密码,95,,,9.2
 图书 / 虚构 ,"此版本为中文翻译版，本书的英文原版：https://read.douban.com/ebook/23322792/ 「欢迎乘坐骑士公共汽车——用于运送陷入困境的巫师的紧急交通工具。只要伸出你拿魔杖的手，登上车来，我…
",哈利·波特与阿兹卡班的囚徒,36,,,9.8
 图书 / 虚构 ,"一个声势显赫的康巴藏族土司，在酒后和汉族太太生了一个傻瓜儿子。这个人人都认定的傻子与现实生活格格不入，却有着超时代的预感和举止，成为土司制度兴衰的见证人。小说故事精彩曲折动人，以…
",尘埃落定：纪念版,153,,,9.6
 图书 / 虚构 ,"本书为《行云纪——<刺客聂隐娘>拍摄侧录》附录，包括《刺客聂隐娘》剧本及故事大纲，以及唐代传奇故事原著。 你只需要于五月二十日星期三，在戛纳观看《刺客聂隐娘》壮丽的黑白影像的序幕，…
",刺客聂隐娘（侯孝贤电影剧本原作）,186,,,8.8
 图书 / 虚构 ,"《质数的孤独》是意大利八〇后作家、粒子物理学博士保罗·乔尔达诺的处女作，2008年出版后，即获得意大利最高文学奖斯特雷加奖，并迅速成为欧美超级畅销书，迄今在欧洲销量已超过500万册。同…
",质数的孤独,83,,,8.6
 图书 / 虚构 ,"The Great Gatsby is a novel by the American author F. Scott Fitzgerald. First published on April 10, 1925, it is set on Long Island's North Shore and in New York City during the …
",The Great Gatsby（了不起的盖茨比）,82,,,8.2
 图书 / 虚构 ,"·《银翼杀手》《银翼杀手2049》原著小说 ·美国科幻文学界的传奇人物，雨果奖和坎贝尔奖得主菲利普·迪克代表作品 【仿生人会梦见电子羊吗？】《银翼杀手》《银翼杀手2049》原著小说，科幻…
",菲利普·迪克作品集（套装全5册）,,,,
 图书 / 虚构 ,"每个人的成长都是疯狂的，有些人还顺便逼疯了全世界。 12岁时，小弗兰克父母离异，15岁，他从父亲那骗了3400美元，此后这一数字迅速攀升。在21岁前，他伪装了六年飞行员、一年医生、九个月律…
",猫鼠游戏,25,,,8.2
 图书 / 虚构 ,"此版本为中文翻译版，本书的英文原版：https://read.douban.com/ebook/23322857/ 「有一个阴谋，哈利·波特。今年霍格沃茨魔法学校会有最恐怖的事情发生。」这年暑假，哈利度过最糟糕的生…
",哈利·波特与密室,52,,,9.8
 图书 / 虚构 ,"根据《地狱》拍摄的、汤姆•汉克斯主演电影《但丁密码》将于10月28日在国内上映。 继全球风靡的《达•芬奇密码》、《天使与魔鬼》、《失落的秘符》之后，丹•布朗对历史、艺术、密码与…
",地狱,251,,,8.4
 图书 / 虚构 ,"本书基于育碧娱乐软件公司的畅销游戏：”刺客信条Ⅲ“改编。 1735年的伦敦，从能够握剑的年纪起，海瑟姆·肯威就在学习用剑的技巧了。 当他的家族宅邸遭受攻击之时——他的父亲被谋杀，姐姐…
",刺客信条：遗弃,21,,,8.0
 图书 / 虚构 ,"延续《夏有乔木雅望天堂1》的故事，这个故事主要是写的第一部里面那个魔鬼一般的少年——曲蔚然。其实他是魔鬼，又是天使。 曲蔚然是个品学兼优的好孩子，他总是轻柔优雅的轻笑着，像个贵族…
",夏有乔木，雅望天堂.2,59,,,9.2
 图书 / 虚构 ,"红色（上） https://read.douban.com/ebook/16608382/ 1937年，淞沪会战硝烟未散，上海沦陷。 徐天，三角地菜场的一个普通会计， 晕血，红色色盲，貌不惊人，一次帮助我党货船的安全撤离…
",红色（下）,51,,,9.8
 图书 / 虚构 ,"小说以无与伦比的细腻而熨帖的文笔，饱满而生动的叙述，写出一群盲人在急剧发展的都市丛林中的艰辛奋斗、日常劳作、梦想与尊严。 无论中西，明眼人作家写盲人多少有点“隔”，为了克服这“隔…
",推拿,158,,,9.2
 图书 / 虚构 ,"红色（下） https://read.douban.com/ebook/15637106/ 1937年，淞沪会战硝烟未散，上海沦陷。 徐天，三角地菜场的一个普通会计， 晕血，红色色盲，貌不惊人，一次帮助我党货船的安全撤离…
",红色（上）,62,,,9.6
 图书 / 虚构 ,"北宋手工业全貌！全画824个人物逐一复活，一起拉开北宋帝国覆灭的序幕。口碑奇好！百万人持续追读，豆瓣评分8分以上。同名影视火热启动中。 全图824位人物，每个人都有名有姓，佯装、埋伏在…
",清明上河图密码：隐藏在千古名画中的阴谋与杀局4,73,,,9.4
 图书 / 虚构 ,"有华人的地方就有琼瑶，数字版权大陆首次授权《琼瑶作品全集》（共60册）。其中收录琼瑶自传《我的故事》，以及《还珠格格》《一帘幽梦》《烟雨蒙蒙》《苍天有泪》《梅花烙》《窗外》《青青河…
",琼瑶作品全集（套装共60册）,,,,
 图书 / 虚构 ,"这是个令所有中国人心酸落泪的故事。它完全是原作者的真实经历。老三死后，1977，原作者(我们叫她静秋吧)已经顶职参加了工作，在L省K市八中附小教书。当老三的预言一个接一个开始成为现实的时…
",山楂树之恋,98,,,9.0
 图书 / 虚构 ,"你心中是否也有这样一个人？他离开后，生活还在继续，他留下的痕迹被平淡的日子逐渐抹去。你很少想起他，没有他也能过得很好。然而在那些个猝不及防的梦里，他又出现在你的身边，第一次说出分…
",原来你还在这里,275,,,9.0
 图书 / 虚构 ,"一家低廉的旅馆里，一名年轻的女性被害身亡，她的牙齿被悉数拔掉，脸和五指皆溶解在强酸里，现场没有一丝关于她身份的线索。 一栋豪宅中，一位年轻的富豪坠楼身亡，没有目击证人，没有监控录…
",朝圣者,7,,,
 图书 / 虚构 ,"此版本为中文翻译版，本书的英文原版：https://read.douban.com/ebook/23323079/ 「它果然在那儿，悬挂在学校上空：那个绿得耀眼的骷髅，嘴里吐出蛇信子般的舌头，食死徒们无论什么时候闯…
",哈利·波特与“混血王子”,18,,,9.8
 图书 / 虚构 ,"电视剧《极光之恋》同名原著。 女孩韩星子拥有着高超的表演天赋，用自己的表演向全世界的观众传递爱与希望是她一直以来的梦想。为此她在留学美国期间辗转于大大小小的舞台，用心诠释每一个角…
",极光之恋,,,,
 图书 / 非虚构 ,"《昆虫记第一卷：高明的杀手》是一部涵跨文学与科学领域的经典巨著，百余年来一直誉满全球。本套全译插图珍藏本在最大限度重现《昆虫记》原著全貌的同时兼顾原著的文学性、可读性，特别插入了…
",昆虫记 第一卷,1,,,
 图书 / 虚构 ,"迈克尔·翁达杰用优美而抒情的笔触，描绘了二次世界大战末期，意大利一栋废弃别墅里，四个伤心人的因缘际会。他们生活在世外桃源一般的风景中，却无法享受战争结束带来的和平与安宁。 在战争…
",英国病人,18,,,9.2
 图书 / 虚构 ,"《真幌站前多田便利屋》讲述的是两个离异男子在担任“便利屋”工作中遇到的大小事件。多田启介在真幌站前开着一间为人排忧解难打杂帮忙的便利屋，这份工作让他作为一个外人踏入很多人的家，并…
",真幌站前多田便利屋,106,,,9.0
 图书 / 虚构 ,"一场毁灭性的核战争之后，地球表面被彻底摧毁。幸存的人类，逃入太空生活。 300年来，从未有人再踏上地球一步，直到现在——太空舱故障，氧气不够所有人存活。100名有犯罪记录的青少年被遣返…
",地球百子1：重返地球,9,,,
 图书 / 虚构 ,"本书根据育碧软件娱乐公司畅销游戏“刺客信条：黑旗”改编。 这是海盗的黄金年代，新世界正在向他们招手。爱德华·肯威，这位自视甚高的羊毛商人之子梦想着黄金 ，光荣的海上生涯对他来说充…
",刺客信条：黑旗,8,,,
 图书 / 虚构 ,"一起轰动日本的银行公款挪用案件，嫌疑人是极为普通的41岁家庭主妇梅泽梨花。东窗事发后，梨花只身踏上逃亡之路，流浪于泰国清迈，而所有她身边的人，不可置信之余都在追问，究竟是怎样的实际…
",纸之月,11,,,7.8
 图书 / 虚构 ,"本书为《神奇动物在哪里》电影剧本中文版。原书由J.K.罗琳亲自创作，也是她的剧本处女作。英文原版见：https://read.douban.com/ebook/28089625/ “冒险家、神奇动物学家纽特·斯卡曼德刚…
",神奇动物在哪里：原创电影剧本,7,,,
 图书 / 虚构 ,"某种程度上，我们每个人都曾在自己的生命中努力挣扎，想要了解我们是谁，并且接受那个真实的自己。学会接纳，是我们的课题。 来自美国的格蕾塔为了自由，放弃加州的豪门生活，在丹麦展开艺术…
",丹麦女孩,,,,
 图书 / 虚构 ,"《卡蜜拉》讲述一个名叫卡蜜拉的女吸血鬼诱惑年轻女性的故事，是女吸血鬼主题的先驱，也是吸血鬼文化的经典作品之一，早于《德古拉》25年，被多次改编成电影。 卡蜜拉是首个女同性恋吸血鬼，…
",卡蜜拉,11,,,7.0
 图书 / 虚构 ,"《大亨小传》（亦即《了不起的盖茨比》）描写一个来自明尼苏达州的穷小子，一心追求纸醉金迷的“美国之梦”，到头来却陷入悲剧而不可自拔，遭到上流社会的冷落排挤。反映了那个癫狂迷乱的历史…
",大亨小传,17,,,8.4
 图书 / 虚构 ,"1977年春天，农村姑娘钟思存担负照顾市长残废儿子的重任嫁到墨家。丈夫墨池因受到过惨痛的创伤，外表冷漠尖刻，内心却极为善良温柔。 恢复高考后，墨池力排众议为思存争取到参加考试的机会，…
",生命中的好日子,2,,,
 图书 / 虚构 ,"本书是《一触即发》的电视剧小说，收录了编剧张勇最完整、原汁原味的剧情文字。小说选择了上世纪30年代的上海滩作为故事背景，讲述由日本人的雷霆计划引出的在一对从小被分离的双胞胎兄弟杨慕…
",一触即发,1,,,
 图书 / 虚构 ,"海归的高管，初入职场的乖乖女，犯傻的小职员，胡同里不能低下头的公主加上富二代的小奸商。五个性格迥异的女生，五种不一样的青春，在一栋名为欢乐颂的公寓里，上演着关于成长，关于爱情，关…
",欢乐颂（全三册）,355,,,7.8
 图书 / 虚构 ,"◆全球畅销数十年，多次占领《纽约时报》畅销榜第1名 1991年第一部面世以来，已经陆续出版了八部长篇小说，出版三十多个语种，全球持续畅销。 ◆改编美剧《古战场传奇》持续热播 2014年美…
",异乡人6，未知的旅程,3,,,
 图书 / 虚构 ,"北京晨昏的繁华喧嚣如一梦，上海公馆的金粉花草也如一梦。隐居繁华里，陈白露出现在上海的武康路，她巧遇邻家女孩珠雨田，不经意地走进对方的人生。之后到来的金融大鳄，更带给她一段棋逢敌手…
",我的朋友陈白露小姐：金屋一梦,61,,,7.4
 图书 / 虚构 ,"此版本为中文翻译版，本书的英文原版：https://read.douban.com/ebook/23323306/ 「你能感知黑魔王的思想和情绪。校长认为不应任其继续下去，他要我教你怎样对黑魔王封闭你的思想。」黑暗…
",哈利·波特与凤凰社,27,,,9.8
 图书 / 虚构 ,"北京青年祥子的梦想，就是挣出一辆车，就像身经百战的武士赢得一颗徽章，可以使他自由、独立。他早出晚归、风风雨雨地拼搏，打动了车厂老板的女儿虎妞，泼辣的她设计嫁给了这个比自己小十多岁…
",骆驼祥子,8,,,
 图书 / 虚构 ,"《致我们终将逝去的青春》作为首部被搬上大银幕的青春小说，由辛夷坞、赵薇强强合作，打造了中国电影动人的青春爱情经典，成为当年受瞩目的电影，更是掀起了全民“致青春”的热潮。此番推出白…
",致我们终将逝去的青春,69,,,9.4
 图书 / 虚构 ,"卡米耶，曾经是很有才华的艺术家，如今却再也没有勇气提笔作画。 费里贝尔，守着外祖母遗留的偌大公寓，个性温厚，却有社交障碍。 弗兰克，厨艺了得，个性不坏却有点自命不凡，被费里贝尔收…
",在一起，就好,,,,
 图书 / 虚构 ,"本书是经典电影《阿甘正传》的小说原著。阿甘是常人眼中的弱智和白痴，但他天性善良单纯，加上天赋异禀，使他先后成为大学橄榄球明星、越战英雄、世界级乒乓球运动员、摔跤选手、国际象棋大师…
",阿甘正传,40,,,9.2
 图书 / 虚构 ,"桐华言情经典，曾许诺大结局，历时一年全新修订。 将爱情写到极致的上古爱情故事。 今生做过最骄傲的事，就是对你爱的承诺。 两百年，许多人、事已被遗忘，曾经的爱恨情仇也成了传说，却也…
",曾许诺（全新修订版）,10,,,
 图书 / 虚构 ,"此版本为中文翻译版，本书的英文原版：https://read.douban.com/ebook/23323210/ 「“把哈利·波特交出来，”伏地魔的声音说，“你们谁也不会受伤。把哈利·波特交出来，我会让学校安然无…
",哈利·波特与死亡圣器,60,,,9.8
 图书 / 虚构 ,"馬の通う路から隔たった藪の中、胸もとを刺された男の死骸が見つかった。死骸は多襄丸という名高い盗人のものらしい。複数の人間の証言を交えて、真相に迫っていく。 殺したのは、果たして誰…
",藪の中（竹林中）,9,,,
 图书 / 虚构 ,"美国青年杰西和法国女孩赛琳在火车上不期而遇，怦然心动。火车到达维也纳时，杰西盛情邀请赛琳一起游览维也纳，即使第二天他就要坐飞机离开。他们一边漫步城市，一边谈论着各自的过去，和对生…
",爱在黎明破晓前&爱在日落黄昏时,120,,,9.4
 图书 / 虚构 ,"虔诚的上帝信徒——欧洲原子核研究组织的杰出科学家列奥纳多·维特勒毕生致力于以科学的手段证明神的存在。他和其养女、神秘妩媚的科学家维特多利亚在实验室里成功地制造出了一种极其强大的能…
",天使与魔鬼,19,,,9.0
 图书 / 虚构 ,"基于育碧娱乐软件公司的畅销游戏“刺客信条：启示录”改编。 岁月蹉跎，伟大的刺客大师埃齐奥·奥迪托雷已将步入暮年，但他的智慧却有增无减，这把刺客之刃也愈加锋利。 如今，他又踏上了新…
",刺客信条：启示录,4,,,
 图书 / 虚构 ,"我即将前往昔日帝国的心脏，去将我的敌人彻底铲除。 然而我深知罗马并非一天所能建成，区区一个刺客的力量也无法让它恢复昔日荣光。我是埃齐奥·奥迪托雷·达·佛罗伦萨，这是我的兄弟会。 …
",刺客信条：兄弟会,8,,,
 图书 / 虚构 ,"本书是一本犯罪推理小说。讲述市公安局刑事技术室的几名技术警察如何运用刑事科学技术侦破重大疑难案件的故事。 七个烧脑的谋杀故事，七段黑暗的死亡回忆！ 威廉古堡：一家三口惨死豪华别墅…
",尸案调查科,12,,,7.4
 图书 / 虚构 ,"文体大师纳博科夫最受争议的作品《洛丽塔》曾激发了两位导演的灵感，两度将其搬上大屏幕，也促使纳博科夫尝试创作了自己的唯一一部电影剧本。主人公亨伯特·亨伯特，一位接受过高等教育，行为…
",洛丽塔：电影剧本,2,,,
 图书 / 非虚构 ,"这是一本电影文化类图书，是综合了电影评论、人物访谈、文化事件等多元的文艺类图书。这次出版的是第四辑，每一期各自独立。主要内容包括与导演姜文的对话——让梦想继续飞；香港电影专题是本…
",青年电影手册,1,,,
 图书 / 虚构 ,"二十世纪初，家境贫寒的千代年仅九岁就被父亲卖入京都祇园地区一家艺伎馆“新田艺馆”。她美丽的蓝灰色眼睛招致艺馆头牌艺伎初桃的嫉妒，为她在艺伎训练期间带来重重阻碍。直至千代躲进祇园名…
",艺伎回忆录,25,,,9.2
 图书 / 虚构 ,"小燕子和永琪之间出现了第三者？这对欢喜冤家与江南才女知画间的三角难题要如何解开？晴儿和萧剑相爱卻不能相守，两人痛苦不已，他们要选择分手，还是不顾一切地私奔，从此亡命天涯？…… …
",还珠格格：第三部之天上人间（上）,,,,
 图书 / 虚构 ,"◆全球畅销数十年，多次占领《纽约时报》畅销榜第1名 1991年第一部面世以来，已经陆续出版了八部长篇小说，出版三十多个语种，全球持续畅销。 ◆改编美剧《古战场传奇》持续热播 2014年美…
",异乡人.5，遥远的重逢,6,,,
 图书 / 虚构 ,"查尔斯无数次地回忆起，他们的第一次相遇。 堤岸边，她面海而立，黑色的衣裙随风飘动，人却如雕像般纹丝不动，仿佛在凝视着大海，又仿佛只是凝视着虚空。 查尔斯认出了她。她是小镇人口中的…
",法国中尉的女人,,,,
 图书 / 虚构 ,"哈佛大学符号学家罗伯特·兰登意外受邀，于当晚前往华盛顿美国国会大厦做一个讲座。就在兰登到达的几分钟内，事情发生了匪夷所思的变化。国会大厦里出现了一件令人惊恐之物——一只人手，三根…
",失落的秘符,15,,,7.4
 图书 / 虚构 ,"本书已被改编为同名电视剧（马伊俐主演），各地电视台正在播出。 《风和日丽》将建国以来的历史作为小说的背景展示给读者，从杨小翼的个人命运出发，将个人命运与历史相融合。它同时也是一个…
",风和日丽,9,,,
 图书 / 虚构 ,"基于育碧娱乐软件公司的畅销游戏“刺客信条：大革命”改编。 1789年，宏伟壮丽的巴黎城迎来了法国大革命的开端，人民奋起抗击压迫他们的贵族阶级。鲜红的血液在鹅卵石铺就的街道上流淌，但正…
",刺客信条：大革命,8,,,
 图书 / 虚构 ,"他没有过去，也可能不再会有未来。他只知道自己被人从地中海捞起时，身上遍布了弹孔。他动过整容手术，臀部皮下还藏着微型胶片，其内容是一组数字……这些线索引领他来到了苏黎世银行，却发现…
",伯恩的身份：《谍影重重》电影原著小说,11,,,8.4
 图书 / 虚构 ,"马可·波罗的父亲，尼科洛·波罗终于道出其保守一生的秘密——阿泰尔的过去，兄弟会最为传奇的一位刺客的人生历程。 阿泰尔接下了一项无比艰巨的任务——这不仅需要他走遍圣地每一个角落，…
",刺客信条：秘密圣战,10,,,
 图书 / 非虚构 ,"简•奥斯丁，她是莫扎特般的女人，自儿时便展露出的才华让她的一生注定不凡；她是暗夜的精灵，用羽毛笔描画出闪烁于夜空的爱的流星。如果命运让一个女子夺目，她不是美貌就是多才，而简集貌…
",成为简·奥斯丁,3,,,
 图书 / 虚构 ,"此套装包含：张翰、曾志伟主演网剧《十宗罪》原著：《罪全书前传》《罪全书》《罪全书2》《罪全书3》《罪全书5》，张若昀、焦俊艳主演《法医秦明》电视剧原著系列：《幸存者》《清道夫》《尸…
",影视悬疑小说精选（全13册）,,,,
 图书 / 非虚构 ,"在北京电影学院有一门各系学生必修的课程：“影片分析课”。该课受到学生们的热烈欢迎。本书是该课主讲教员的部分讲义。 本书是一部影片读解著作，作者以其深厚的电影功力和对电影制作的深入…
",荣誉：影片《法国中尉的女人》读解,,,,
 图书 / 虚构 ,"◆这是中文版《丛林之书》应该有的样子，我们按照吉卜林文字的深度和广度尽力将它还原。 ◆遵从1895年初版，20万字完整译本，收录全部15个篇目。 ◆最年轻诺贝尔文学奖得主吉卜林代表作。 …
",丛林之书,,,,
 图书 / 虚构 ,"美国空军将领昆腾将军怀疑苏联人的共产主义思想正在通过各种方式“荼毒”善良天真的美国人民。利用美国空军作战计划中的漏洞，昆腾将军成功地避开了美国政府，在美国总统和美国人民毫不知情的…
",奇爱博士,6,,,
 图书 / 虚构 ,"高中生格雷格，十七岁，性格善良却有点孤僻。生活准则是低调行事，不交朋友，也绝不在学校惹麻烦。他唯一的爱好是与死党厄尔一起拍摄短片，改编他们喜爱的经典电影，梦想有一天拍摄出属于他们…
",我和厄尔以及将死的女孩,3,,,
 图书 / 虚构 ,"《上海王》是著名作家虹影“重写海上花三部曲”（《上海王》《上海之死》《上海魔术师》）中的第一部，讲述了清末民初上海一位传奇女子的故事。 父母双亡的乡下丫头小月桂被卖身妓馆，鸨母新…
",上海王,6,,,
 图书 / 非虚构 ,"在北京电影学院有一门各系学生必修的课程：“影片分析课”。该课受到学生们的热烈欢迎。本书是该课主讲教员的部分讲义。 本书是一部影片读解著作，作者以其深厚的电影功力和对电影制作的深入…
",荣誉：影片《骗术大全》读解,1,,,
 图书 / 虚构 ,"韩国普通工薪族李正洙驾车途中被困豆腐渣工程的隧道里，救援工作进展缓慢，李正洙的妻子追问隧道施工单位，查出他们的行贿记录，事态越来越严重，政府和施工单位却互相推诿。李正洙在隧道里焦…
",隧道（同名韩国电影原著小说）,4,,,
 图书 / 虚构 ,"狂销七千五百万套！ 全球销量最高动作冒险类游戏，刺客信条电影官方小说唯一授权中文版全国上市！ 2017年2月24日，本书将随刺客信条官方电影同步上市！ 好莱坞科幻巨作赞誉公映！ 刺客信…
",刺客信条,7,,,
 图书 / 虚构 ,"作品以女主角王小灯为中心，小灯本名叫小登，七岁那年，无情的唐山大地震把她本该天真无忧的童年残酷地震碎，也把她此后30年的人生震得支离破碎。此后30年，小灯一直处于逃跑状态，最终只能一…
",唐山大地震,1,,,
 图书 / 虚构 ,"1976年，注定是新中国历史上不寻常的一年。新中国接连失去三位领导人，“四人帮”继续为祸四方。有谁为彷徨的人民作主，有谁为受难的知识分子大声疾呼？10月6日，中共中央采取果断行动，一举…
",历史转折中的邓小平,2,,,
 图书 / 虚构 ,"宋暖和周格格是上海名牌高校的应届毕业生，没有背景，属于工薪二代，梦想就是找到一个好工作，觅得一个好老公。在屡屡碰壁的求职过程中，一个寝室的她们又同时被一家大型的民营企业录取为实习…
",实习生,10,,,
 图书 / 虚构 ,"陈乔恩、王凯、乔任梁领衔主演 年度时尚浪漫爱情大剧《放弃我，抓紧我》同名小说 婚纱的款式有很多种，公主型、鱼尾型、抹胸型…… 爱情的样子也有很多种，浪漫的、悸动的、心酸的…… 这…
",放弃我，抓紧我（上）,,,,
 图书 / 虚构 ,"东方仙侠玄幻巨制、吴奇隆出品，赵丽颖、陈伟霆主演。 官方同名衍生小说 赤魂血影 傲骨剑心 爱恨之间，总烙印着宿命誓言 ；正邪之念，就在一线之间。 书中附赠精美剧照 精彩剧情抢先体…
",蜀山战纪之剑侠传奇（第一部）,9,,,
 图书 / 虚构 ,"在二战时期的1945年，英国军队已开过了易北河，德国面临战败，海军士兵布雷默休假归队途中邂逅了在汉堡粮食局餐厅工作的布绿克太太。一场空袭让两个陌生人走到了一起，布雷默当了逃兵，躲藏在…
",咖喱香肠的诞生,4,,,
 图书 / 非虚构 ,"此次十年专栏精选结集，或许能提供一个角度够全、距离够近的了解毛尖的可能。 知名作家 毛尖的影评结集，包括作者的代表作和原创新作。作品对世界著名电影和经典文艺片的评论，其见解独特、…
",永远和三秒半,4,,,
 图书 / 虚构 ,"桐华言情经典，曾许诺大结局，历时一年全新修订。 将爱情写到极致的上古爱情故事。 今生做过最骄傲的事，就是对你爱的承诺。 两百年，许多人、事已被遗忘，曾经的爱恨情仇也成了传说，却也…
",曾许诺·套装共2册（全新修订版）,16,,,7.8
 图书 / 虚构 ,"同名电影《夏有乔木，雅望天堂》原著小说。 28岁的园林设计师舒雅望是出生在一个军事后裔家庭。 16岁的时候舒爸让舒雅望去照顾10岁的夏木。 夏木因为童年时候经历一场死亡，跟已经死去多…
",夏有乔木，雅望天堂.1,194,,,9.0
 图书 / 虚构 ,"《纳尼亚传奇1：狮子·女巫·魔衣橱》讲述了，彼得、苏珊、爱德蒙、露茜通过乡间大宅里的一个魔衣橱来到了神奇的纳尼亚。 在那里，四兄妹与阿斯兰一同击败了白女巫，收复了纳尼亚。四兄妹在…
",纳尼亚传奇系列（套装共7册）,,,,
 图书 / 虚构 ,"这部作品被改编成同名丹麦语电影，影片获得1988年奥斯卡最佳外语片奖。 故事发生在19世纪的挪威，一对已经成年的姊妹生活在一个宗教氛围浓厚的村子里，她们甘愿为宗教信仰而放弃世俗情感。后…
",芭贝特之宴,34,,,8.8
 图书 / 虚构 ,"在老教授的房子里有许多间屋子，屋子里有许多扇门，但是只有一扇通向另一个世界……纳尼亚。 那里流传着一个预言：两个亚当的儿子和两个夏娃的女儿将会现身，击败邪恶的白女巫，结束永恒的寒…
",狮子、女巫和魔衣柜（中英双语）,4,,,
 图书 / 虚构 ,"编辑推荐： 最初于《独立报》和《每日电讯报》专栏连载，获得读者的极大好评，风靡英伦，出版后长期居于英国各大排行榜第一名。1998年获英国图书大奖年度图书奖。“尼尔森白金图书奖”，被誉…
",BJ单身日记三部曲系列套装（共三册）,,,,
 图书 / 虚构 ,"《功夫熊猫》是一部以中国功夫为主题的美国动作喜剧电影，本片以中国古代为背景，其景观、布景、服装以至食物均充满中国元素。故事讲述了一只笨拙的熊猫立志成为武林高手的故事。 Master Shi…
",功夫熊猫（英文版） ,3,,,
 图书 / 虚构 ,"有一个美丽的传说，四叶草女孩是每个男人的命运女神！海归男神王子尧曾经有个难以忘却三叶草女孩，可是再相遇三叶草女孩居然成了单亲妈妈，而他最好的兄弟成为了三叶草女孩的守护骑士。是成全…
",三叶草,,,,
 图书 / 虚构 ,"哈格雷夫家的儿子雅各布在8岁那年意外溺死。然而五十多年后的一天，他们亲手埋葬的儿子再一次站在了家门前，声音样貌一如五十年前那个生机勃勃的小男孩。 世界各国的死者纷纷重现人间：惨遭…
",亡者归来,3,,,
 图书 / 虚构 ,"电影《百鸟朝凤》同名原著。 《百鸟朝凤》内容简介：肖江虹短篇小说集，具有鲜明的写作立场和态度，完全站在老百姓的立场上，站在生活中弱者这一头，同情他们，热爱他们，为他们说话，看到他…
",百鸟朝凤,145,,,8.8
 图书 / 非虚构 ,"在北京电影学院有一门各系学生必修的课程：“影片分析课”。该课受到学生们的热烈欢迎。本书是该课主讲教员的部分讲义。 本书是一部影片读解著作，作者以其深厚的电影功力和对电影制作的深入…
",荣誉：影片《一个男人与一个女人》读解,,,,
 图书 / 虚构 ,"本书为所罗门·诺瑟普在1853年所著传记体小说。作品来自所罗门的亲身经历，他本是一个生活在纽约的自由的黑人，受过教育且已婚。随后遇到两个人，他们许诺在华盛顿帮他找一份工作，当所罗门到…
",为奴十二年,1,,,
 图书 / 虚构 ,"在与宿敌“胡狼”进行顶尖对决之后，杰森·伯恩本以为从此终于能与家人一起过着平静的生活，不料又出现了一个比“胡狼”更年轻、更冷静的杀人机器——可汗。这个有着亚洲脸孔的神秘杀手，不知…
",伯恩的传承,5,,,
 图书 / 虚构 ,"曾许诺系列终结篇 爱，为谁而殇 承接上册热销狂潮，“山经海纪”书系第一部《曾许诺》系列终结篇——《曾许诺·殇》倾情面世。信任与误解，数千年恩怨的缘起，将一一揭晓，爱恨纠缠，战场征…
",曾许诺·殇（全新修订版）,9,,,
 图书 / 虚构 ,"很多人总是在认识后才知道不该认识，很多事情总是在发生过后才知道错了，很多时候总是明知道错了还要继续错下去。 可是，我依然无悔。 丈夫和情人突然殉情自杀，葬礼上，白考儿邂逅情敌的丈…
",如果可以这样爱（上）,4,,,
 图书 / 虚构 ,"电影《一条狗的使命》原著小说。 以狗狗“贝利”视角，讲述自己经过四世轮回，遇到了不同的人和事，直到重遇当初的主人的故事。一个温顺可爱的狗狗贝利与主人意外的相遇开始了主人和汪星人的…
",在轮回中找你（电影《一条狗的使命》原著）,53,,,9.4
 图书 / 非虚构 ,"在北京电影学院有一门各系学生必修的课程：“影片分析课”。该课受到学生们的热烈欢迎。本书是该课主讲教员的部分讲义。 本书是一部影片读解著作，作者以其深厚的电影功力和对电影制作的深入…
",荣誉：影片《罗拉快跑》读解,7,,,
 图书 / 虚构 ,"故事发生在解放前后。当了半辈子小人物的常平安一心想杀敌，可直到解放的前一天，也没等来一次开枪的机会。一次意外，他接连失去了生命中最重要的两个人：情同父亲的师傅和相爱的初恋情人。 …
",追击者,1,,,
 图书 / 非虚构 ,"在北京电影学院有一门各系学生必修的课程：“影片分析课”。该课受到学生们的热烈欢迎。本书是该课主讲教员的部分讲义。 本书是一部影片读解著作，作者以其深厚的电影功力和对电影制作的深入…
",荣誉：影片《鸟人》读解,8,,,
 图书 / 虚构 ,"作为一部红色革命题材的小说，《伪满洲国生死线》的情节传奇曲折。它讲述了一个伪满警察科长陈凯阴差阳错地卷入进一个护送密码本到革命根据地的任务中，并最终成为一名坚定的共产党员的故事。…
",伪满洲国生死线,1,,,
 图书 / 虚构 ,"《真幌站前番外地》讲述的依然是多田便利屋的故事。作为《真幌站前多田便利屋》的续篇，多田和行天的便利屋在继续，他们与各色人等的相遇也在继续。 第一部中曾出现的年轻黑社会老大阿星，大…
",真幌站前番外地,23,,,9.2
 图书 / 虚构 ,"上古时代纷争不断，按照祭司的预言，两大部落“东夷”和“九黎”分别派出人马前往桃花坳寻找各自的天降玄女以增强实力。一对好友苏茉和芙儿从此背负不同命运，一个要保护九黎百姓，另一个则要…
",山海经之赤影传说,3,,,
 图书 / 虚构 ,"经历数载的对抗交锋，杰森•伯恩的宿敌“胡狼”卡洛斯终于突破重重封锁，发现了伯恩的真实身份：语言学教授大卫•韦伯。而这一次胡狼甚至连伯恩的妻儿也不放过！为了保护家人，也为了终结…
",伯恩的通牒,2,,,
 图书 / 虚构 ,"本书是系列小说《嗜血法医》系列的第四部。讲述的是主人公法医德克斯特，白天是侦破各种案件的探案高手，晚上则化身为杀手，选择那些劣迹斑斑的恶魔下手，为民除害。本部小说中，德克斯特终于…
",嗜血法医（第四季）,1,,,
 图书 / 虚构 ,"1787年，英国皇家海军邦蒂号（Bounty）船长威廉·布莱受命前往塔希提。塔希提的风光是如此的美好，以至于船员们不愿离开，愤而哗变。船长和忠于他的船员被抛到小船上，在海上漂泊良久，仅凭一…
",叛舰喋血记,,,,
 图书 / 虚构 ,"在德拉诺世界，强壮、悍勇而独立的霜狼氏族不得不面对越来越严酷的寒冬，可以捕猎的兽群也日益稀少。就在此时，神秘的陌生人古尔丹来到霜火岭，告诉霜狼兽人，有一个富饶的新世界可以供他们尽…
",魔兽：杜隆坦,5,,,
 图书 / 非虚构 ,"犀利独特的视角，关注电影最热、最具争议的话题，大卫?波德维尔和克里斯汀·汤普森夫妇用清晰风趣的语言，严谨的思考态度，从电影产业、电影写作、电影艺术、电影叙事与风格、电影评鉴和展望…
",观照电影：艺术、评论和产业的观察,,,,
 图书 / 虚构 ,"《爱与黑暗的故事》被公认为以色列作家阿摩司 奥兹最优秀的作品，促使奥兹一举夺得歌德文化奖和阿斯图里亚斯王子奖，已被译成近三十种语言。这是关于两个好人的故事，“我”的父亲和母亲。关…
",爱与黑暗的故事,1,,,
 图书 / 虚构 ,"平静的艾泽拉斯正处在战争的边缘。 这个世界的原生文明面对着一个恐怖种族的入侵：兽人战士们逃离他们濒死的家园，意欲在新的世界中驻足繁衍。当连接两个世界的传送门洞开，大门一面是制造毁…
",魔兽,10,,,
 图书 / 虚构 ,"陈乔恩、王凯、乔任梁领衔主演 年度时尚浪漫爱情大剧《放弃我，抓紧我》同名小说 婚纱的款式有很多种，公主型、鱼尾型、抹胸型…… 爱情的样子也有很多种，浪漫的、悸动的、心酸的…… 这…
",放弃我，抓紧我（下）,3,,,
 图书 / 虚构 ,"《昆仑纵队》一书描写了1947年到1948年。胡宗南率领30万国民党部队对我西北解放区大举进攻。驻扎在延安的中央军委决定放弃延安城，转战陕北。为了保密，中央军委化名“昆仑纵队”，最终毛主席…
",昆仑纵队 (电影《巍峨昆仑》原著),,,,
 图书 / 虚构 ,"世界上最隐秘的情报部门——美国国家安全局（NSA）斥巨资建造了一台可以破解一切密码的机器——万能解密机。这台超级电脑帮助NSA挫败了无数恐怖分子的阴谋，但这台电脑也能截获普通人的电子邮…
",数字城堡,13,,,8.6
 图书 / 虚构 ,"一瞥之下，过去与未来轰轰然同时并至，我的意识成为长达半个世纪的灰烬，时间未至已成灰。五十年诸般纷纭并发眼底，我的余生尽在其中。还有，你的一生。 特德·姜著，李克勤等译的《你一生的…
",降临,6,,,
 图书 / 虚构 ,"作者曹桂林先生便是八十年代初赴美成功的新移民。他根据自己的真实经历写下了这部真切、动人、细腻而富有激情的长篇小说。 经典原著畅销100万册，《北京人在纽约》八十年代初，一个年轻的北…
",北京人在纽约,11,,,7.8
 图书 / 非虚构 ,"本书是一本军事电影集，也是一本武器集。在几十部出现武器装备的电影中，不同种类的枪、军舰、航母、直升机等，都是作者研究的对象，作者以其丰富的知识和独特的视角，对这些武器的外观造型、…
",电影中的武器,12,,,7.4
 图书 / 虚构 ,"一个关于成长的故事。在一个别人眼里的白色世界里，他们在长大。而这个世界，究竟是什么颜色？曾经永远发表'特别精辟的评论'的'聪明'女孩说——我曾经以为我什么都懂，原来，我曾经对这个世界…
",长大,17,,,9.4
 图书 / 虚构 ,"改编自本书的同名电视剧《兰陵王妃》正在湖南卫视热播，由新生代偶像张含韵，陈奕，沈建宏等主演。 一场国与国之间的权力争斗，一件改天换命的上古至宝，一个谜一样女子的情缘纠缠。初相见…
",兰陵王妃,4,,,
 图书 / 虚构 ,"以南北战争未背景的书很多，但像玛格丽特·米切尔的《飘（英汉双语版共2册）》一样影响之大的却甚少。我觉得*重要的还是它的现实意义，是战后美国女性意识的觉醒。本书以女性的视角看待战争，…
",飘：英汉双语版,,,,
 图书 / 虚构 ,"海归的高管，初入职场的乖乖女，犯傻的小职员，胡同里不能低下头的公主加上富二代的小奸商。 五个性格迥异的女生，五种不一样的青春，在一栋名为欢乐颂的公寓里，上演着关于成长，关于爱情，…
",欢乐颂.典藏版 1,14,,,7.8
 图书 / 非虚构 ,"《神探夏洛克》是BBC热播剧《神探夏洛克》的官方指南。 主要讲述了这部剧作的创作过程，以及在拍摄过程的种种。剧组出这本书是为了更加立体地塑造人物，而不仅仅是为了满足粉丝一探剧中内幕…
",神探夏洛克,14,,,7.4
 图书 / 虚构 ,"两个背景不同、性格迥异的女子小燕子和紫薇相遇在几次混乱中，莫名地一见如故，结拜为姐妹。这时，小燕子才知道紫薇千里迢迢来找寻的父亲，竟是当今圣上乾隆！…… 琼瑶，本名陈喆，台湾最…
",还珠格格：第一部（上）,1,,,
 图书 / 虚构 ,"传奇特工007－詹姆斯·邦德驰骋荧屏40年，经典电影原著小说中国大陆首次引进出版、震撼登陆。 詹姆斯·邦德横空出世——他是《第七情报员》，“全世界最有魅力的男演员”、国际著名影星肖恩…
",007谍海系列：第七情报员,1,,,
 图书 / 虚构 ,"遇见一个人，是爱的开始，更是成长的开始。 爱上对的人，你不仅爱上他，也会爱上自己。 没有恐惧、不需猜疑、不用卑微、可以勇敢。 这便是我导演《我是女王》这部电影的初衷。 ——伊能静…
",我是女王,2,,,
 图书 / 虚构 ,"露西与埃德蒙借住在讨厌鬼尤斯塔斯的家里。三个孩子通过一幅画着大船的画来到纳尼亚，与凯斯宾国王和老鼠勇士雷佩契普等人一起乘着黎明踏浪号一路东行，寻找七位爵爷的下落，并探索未知的东方…
",纳尼亚传奇：黎明踏浪号,,,,
 图书 / 虚构 ,"《纽约时报》畅销书 Netflix倾力打造的同名美剧获评2014及2015年度十佳美剧 《女子监狱》由作者依据自己的亲身经历写就：十年前，刚刚大学毕业、一心只求冒险的帕波无意中结识了一名女毒贩…
",女子监狱,,,,
 图书 / 非虚构 ,"本书分为六个篇章，事关童年回忆、生活、文创、娱乐圈、政事，是作者对自己的人生经历，对台湾的社会生活，对两岸娱乐圈，以及文创工作的精彩解读。 在每一个篇章开启前，透过文字与图片传达…
",我住宝岛一村,9,,,
 图书 / 虚构 ,"《沉香山》是作者凡一平的中篇小说集。书中收录了他的作品，其作品构思精巧，情节曲折起伏，可读性强，充分展示了作者高超的故事架构能力和创作技巧。小说都已销售出影视版权，其中两部正在拍…
",沉香山,1,,,
 图书 / 虚构 ,"人到中年的布丽吉特·琼斯已经是两个孩子的母亲，爱人马克·达西因为意外去世，BJ不得直面单身母亲的重任，照顾一双子女，并且在日常的琐碎中渐渐消耗生命。在好友的劝说下，BJ注册了推特帐号…
",BJ单身日记3：为君痴狂,2,,,
 图书 / 虚构 ,"本书记录了T. E.劳伦斯在沙漠中的战争回忆，被公认为“英语文学中最伟大的现代史诗”。第一次世界大战爆发后，劳伦斯毅然放弃考古工作，进入开罗军事情报部，负责中东地区的情报收集及战略建…
",智慧七柱Ⅰ,1,,,
 图书 / 非虚构 ,"《电影密码》是马原以电影理论为题材的随笔，讲述了剧本的欣赏与创作、视角与结构、蒙太奇的运用等论题。 书中对多位电影大师：安东尼奥尼、希区柯克、卓别林、让一雅克·贝奈克斯、曼彻夫斯…
",电影密码,2,,,
 图书 / 虚构 ,"陈乔恩、王凯、乔任梁领衔主演 年度时尚浪漫爱情大剧《放弃我，抓紧我》同名小说 婚纱的款式有很多种，公主型、鱼尾型、抹胸型…… 爱情的样子也有很多种，浪漫的、悸动的、心酸的…… 这…
",放弃我，抓紧我：全2册,3,,,
 图书 / 虚构 ,"《悲惨世界》(套装上下册)通过冉阿让等人的悲惨遭遇以及冉阿让被卞福汝主教感化后一系列令人感动的事迹，深刻揭露和批判了19世纪法国封建专制社会的腐朽本质及其罪恶现象，对穷苦人民在封建重…
",悲惨世界（中）,6,,,
 图书 / 非虚构 ,"在北京电影学院有一门各系学生必修的课程：“影片分析课”。该课受到学生们的热烈欢迎。本书是该课主讲教员的部分讲义。 本书是一部影片读解著作，作者以其深厚的电影功力和对电影制作的深入…
",荣誉：影片《美国往事》读解,2,,,
 图书 / 虚构 ,"书恒的离开，让依萍仿佛伫立在四周空寂无人的荒野中，忘了空间，也忘了时间，在这烟雨濛濛的穹苍里，她找不到已失落的自己……这是一段引人入胜、动人心弦、催人泪下、婉约缠绵的爱情故事。 …
",烟雨濛濛,2,,,
 图书 / 虚构 ,"上官警我本是蜀山三杰之一，却因爱妻横死，伤心入魔。玉无心原是深情少女，却被迫成为断情绝爱的复仇使者。乡村猎户丁隐原与妻子小玉伉俪情深，却因机缘巧合身怀赤魂石，跌入命运渊薮，更与玉…
",蜀山战纪之剑侠传奇（第二部）,1,,,
 图书 / 虚构 ,"本书出版于1940年，是作者第二部以私家侦探马洛为主角的小说，三次改编为电影，另有舞台剧和广播剧版本。 马洛遭逢了凶悍的对手。正当他准备从一件平凡的案子中抽身时，却发现自己在正确的时…
",再见，宝贝,,,,
 图书 / 虚构 ,"本书记录了T. E.劳伦斯在沙漠中的战争回忆，被公认为“英语文学中最伟大的现代史诗”。第一次世界大战爆发后，劳伦斯毅然放弃考古工作，进入开罗军事情报部，负责中东地区的情报收集及战略建…
",智慧七柱Ⅱ,,,,
 图书 / 虚构 ,"20世纪50年代的伦敦东区人们，过着艰苦的生活。22岁的助产士詹妮•李来到这里，遇见了志同道合而性格迥异的同事与修女，也在逐渐融入当地人们的生活的过程中，见证了他们时而让人哀伤心碎、…
",呼叫助产士,11,,,8.0
 图书 / 虚构 ,"这是一个高富帅和白富美的圈子，他们生下来便拥有一切，也注定被生意与争斗紧紧捆绑。在他们的人生里，没有相互喜欢，只有出于家族需要的联姻，这是坐拥一切的代价。可是，一定要向命运屈服吗…
",继承者们（下）,,,,
 图书 / 虚构 ,"两个背景不同、性格迥异的女子小燕子和紫薇相遇在几次混乱中，莫名地一见如故，结拜为姐妹。这时，小燕子才知道紫薇千里迢迢来找寻的父亲，竟是当今圣上乾隆！……宫中的冒牌格格小燕子日渐得…
",还珠格格1-3部（套装共8册）,,,,
 图书 / 非虚构 ,"关于情节，我们最经常能听到的“经典”定义便是亚里士多德的《诗学》中所说的“情节是悲剧的第一原则，也可以说是悲剧的灵魂”。还有另外一个人们广为引用的定义：“情节，即人物之间的联系、…
",影视剧作艺术,,,,
 图书 / 非虚构 ,"写影视剧本的人必须掌握视听语言，要学会用声画结合的方式去讲故事；三是，因为影视是时间和空间相结合的艺术，因此写影视剧本的人必须具备影视的时空结构意识，要学会用时空的变化去结构剧本…
",电影编剧学,2,,,
 图书 / 虚构 ,"次意外，让事业有成、生活幸福的丁邵峰结识了孟小凡，孟小凡辛酸艰难的生活使丁邵峰同情，二人逐渐相识、相爱。这段不该发生的婚外情给丁邵峰的妻子安露带来了巨大的痛苦。此时，黑暗中有一双…
",昏迷不醒,2,,,
 图书 / 虚构 ,"《悲惨世界》(套装上下册)通过冉阿让等人的悲惨遭遇以及冉阿让被卞福汝主教感化后一系列令人感动的事迹，深刻揭露和批判了19世纪法国封建专制社会的腐朽本质及其罪恶现象，对穷苦人民在封建重…
",悲惨世界（上）,16,,,10.0
 图书 / 虚构 ,"《钢铁是怎样炼成的》是苏联作家尼古拉·奥斯特洛夫斯基根据自己亲身经历写成的一部优秀小说。主人公保尔·柯察金所走过的道路，反映了苏联第一代革命青年不怕困难、艰苦奋斗、勇于胜利的大无…
",钢铁是怎样炼成的,,,,
 图书 / 虚构 ,"《闯关东2》讲述了：1931年到1949年，是中国现代史上极为重要的一段时期：百余年来，中华民族第一次打败了外国侵略者，获得民族独立，实现了民族解放；中国人民彻底埋葬了黑暗腐朽的半封建、…
",闯关东2,,,,
 图书 / 虚构 ,"《神探夏洛克》是近年上映的英剧作品，主演“卷福”(本尼迪克特康伯巴奇）“花生”（马丁弗瑞曼）凭借该系列剧集一炮走红，后来分别在获奖影片《霍比特人》《模仿游戏》《为奴十二年》中担纲…
",神探夏洛克·3,,,,
 图书 / 虚构 ,"上古时代纷争不断，按照祭司的预言，两大部落“东夷”和“九黎”分别派出人马前往桃花坳寻找各自的天降玄女以增强实力。一对好友苏茉和芙儿从此背负不同命运，一个要保护九黎百姓，另一个则要…
",山海经之赤影传说 第二部,1,,,
 图书 / 非虚构 ,"本书是王伟忠先生在台湾《今周刊》杂志专栏上所写的文字结集。从台湾娱乐教父到大陆《中国梦之声》的评委，从娱乐领域的创意无限到文创领域的整装待发，他在书中讲述了自己年近六十仍然不断探…
",我很怕，但我还有勇气！,4,,,
 图书 / 非虚构 ,"《盖世太保枪口下的中国女人》，这是一段真实的历史，也是一个传奇的故事。 五十多年前，女主人公为追求科学与理想，从中国到比利时留学。不料战争爆发，比利时被德国纳粹占领。主人公从此投…
",盖世太保枪口下的中国女人,1,,,
 图书 / 虚构 ,"吉尔和尤斯塔斯为了躲避坏学生的恶作剧，逃入一扇通往荒野的小门，却到了另外一个世界的悬崖边。原来是阿斯兰召唤他们来接受一个任务：寻找老国王失踪已久的王子。 随后吉尔和尤斯塔斯踏上秘…
",纳尼亚传奇：银椅,1,,,
 图书 / 虚构 ,"本书是电视剧《一触即发》的原著小说，云谲波诡的上海滩，一对孪生兄弟阿初、阿次因家族惨案而从小分离。哥哥阿初自幼寄人篱下，刻苦努力的他最终成为了医学博士。弟弟阿次虽身在豪门，却并无…
",一触即发,4,,,
 图书 / 虚构 ,"一个风雨飘摇的年代，一座沧桑斑驳的老城，一位风华绝代的佳人，一个“尖酸刻薄”的养母，一段剪不断理还乱的情感纠葛，一种催人泪下却无血缘关系的亲情，一个乱世与佳人、苦情与励志的传奇故…
",北方有佳人,1,,,
 图书 / 虚构 ,"本书是我国第一部反映看守所生活的电视连续剧《看守所》同期图书，它撩开电网高墙的神秘面纱，将镜头对准光明与黑暗交织的角落，真实地记录下看守所平静安宁下激流汹涌的生活，描绘了一个个平…
",看守所,,,,
 图书 / 虚构 ,"南明离火剑神秘失踪，封印西域魔宗的法力削弱，蜀山五骑辞师寻剑，寻剑险途，杀机四起。马贼掳走青云紫英，大荒八魔重现藏经阁，诡异武当人人自危，紫英险入魔道，丹辰子偷剑被俘，丁隐身陷八…
",蜀山战纪之剑侠传奇（第三部）,1,,,
 图书 / 虚构 ,"这是一个高富帅和白富美的圈子，他们生下来便拥有一切，也注定被生意与争斗紧紧捆绑。在他们的人生里，没有相互喜欢，只有出于家族需要的联姻，这是坐拥一切的代价。可是，一定要向命运屈服吗…
",继承者们：全2册,1,,,
 图书 / 虚构 ,"《天台》的故事发生在一个复古怀旧的虚拟时空，故事描述着两种人生，一种是住在天台上的人，他们天天载歌载舞，过着无忧无虑的日子；而住在天台下的人，却是比较有钱有势利。住在天台的医馆穷…
",天台,1,,,
 图书 / 虚构 ,"上古时代纷争不断，按照祭司的预言，两大部落“东夷”和“九黎”分别派出人马前往桃花坳寻找各自的天降玄女以增强实力。一对好友苏茉和芙儿从此背负不同命运，一个要保护九黎百姓，另一个则要…
",山海经之赤影传说 第三部,2,,,
 图书 / 虚构 ,"上古时代纷争不断，按照祭司的预言，两大部落“东夷”和“九黎”分别派出人马前往桃花坳寻找各自的天降玄女以增强实力。一对好友苏茉和芙儿从此背负不同命运，一个要保护九黎百姓，另一个则要…
",山海经之赤影传说,,,,
 图书 / 虚构 ,"海归的高管，初入职场的乖乖女，犯傻的小职员，胡同里不能低下头的公主加上富二代的小奸商。 五个性格迥异的女生，五种不一样的青春，在一栋名为欢乐颂的公寓里，上演着关于成长，关于爱情，…
",欢乐颂.典藏版 2,12,,,7.4
 图书 / 虚构 ,"《走出非洲》是丹麦作家凯伦·布里克森在1937年发表的自传体小说，描绘了1914年至1931年，作者在非洲经营咖啡农场的故事。她匠心独运，将众多的人、事、景、物融于一炉，字里行间流露着对非洲…
",走出非洲,1,,,
 图书 / 虚构 ,"一个偶然的机会，穷作家尼克闯入了挥金如土的大富翁盖茨比隐秘的世界，他惊讶地发现，盖茨比内心唯一的牵绊竟是河对岸那盏小小的绿灯——灯影婆娑中，住着心爱的黛茜。然而黛茜早已不是旧日的…
",了不起的盖茨比,8,,,
 图书 / 虚构 ,"文隽监制、马伟豪执导，悬疑大师蔡骏同名作品改编，由张俪、锦荣、李子峰、安悦溪、李若彤、汪小敏等联袂主演的奇幻爱情片《蝴蝶公墓》于2017年10月20日唯美上映！ 传说中，每座城市都有一个…
",蝴蝶公墓（影视版）,6,,,
 图书 / 非虚构 ,"本书为电视剧同名小说。小说围绕一段真实的历史事件——粉碎日本制定的刺杀斯大林的“猎熊行动”计划，《马迭尔旅馆的枪声》讲述了二战前夕，共产国际情报机关在哈尔滨与日伪特务机关展开的一…
",马迭尔旅馆的枪声,,,,
 图书 / 非虚构 ,"《影视剧作艺术教程》，本书对影视剧本的写作进行全面的讲解，包括情节、人物设置、剧本构成、剧本写作等内容。本书内容翔实，印证丰富，可读性强。 本书作者：周涌、何佳。 周涌：中国传…
",影视剧作艺术教程,1,,,
 图书 / 虚构 ,"小女孩露西无意间躲进了衣橱里，她往里走，往里走……忽然，她发现自己竟然站在冰天雪地里——她来到了纳尼亚。这时的纳尼亚终年寒冬。 白女巫拥有可怕的魔法，她将反抗者们都变成了石头。古…
",纳尼亚传奇：狮子、女巫和魔衣橱,1,,,
 图书 / 虚构 ,"乾隆二十五年，新疆王将掌上明珠含香献给乾隆皇帝。小燕子、紫薇、永琪、尔康得知含香和心上人蒙丹的相恋故事，竟路见不平，决定要助有情人终成眷属，甚至把蒙丹偷带入宫…… 琼瑶，本名陈…
",还珠格格：第二部之风云再起,,,,
 图书 / 虚构 ,"毕业于重点大学金融专业的女研究生林无敌，因为相貌的问题，屡次求职受挫。但家庭经济的困难让她不得不愈挫愈勇，继续四处投递简历，直到国内著名的广告公司“概念”给她打来了面试的电话。不…
",丑女无敌：小说版（第1季）,1,,,
 图书 / 虚构 ,"在纳尼亚的大锅潭瀑布，阴险狡诈的无尾猿速移假借阿斯兰的名义与卡乐门人勾结，企图占领纳尼亚，纳尼亚的国王缇瑞安被囚禁。一千年前以阿斯兰之名的召唤回到纳尼亚的七位王者进入缇瑞安的梦境…
",纳尼亚传奇：最后一战,,,,
 图书 / 虚构 ,"开始逃亡的日子厄运连连，狼狈不堪，但小燕子和紫薇等人都以冒险犯难的心情迎接每一个惊心动魄的时刻，不但沿路打抱不平、斗鸡赌钱，还忙着卖艺赚生活费，破解小燕子的身世之谜，简直比在皇宫…
",还珠格格：第二部之浪迹天涯,,,,
 图书 / 虚构 ,"电视剧《买办之家》的热播，使观众对作者的身世产生了好奇。出生于天津卫买办之家的小少爷林希，二十世纪五十年代被打成年龄最小的胡风分子和学生右派，八十年代复出后以《相士无非子》、《高…
",家贼,4,,,
 图书 / 虚构 ,"乾隆二十五年，新疆王将掌上明珠含香献给乾隆皇帝。小燕子、紫薇、永琪、尔康得知含香和心上人蒙丹的相恋故事，竟路见不平，决定要助有情人终成眷属，甚至把蒙丹偷带入宫…… 琼瑶，本名陈…
",还珠格格：第二部之生死相许,,,,
 图书 / 虚构 ,"书恒的离开，让依萍仿佛伫立在四周空寂无人的荒野中，忘了空间，也忘了时间，在这烟雨濛濛的穹苍里，她找不到已失落的自己…… 这是一段引人入胜、动人心弦、催人泪下、婉约缠绵的爱情故事。
…
",烟雨濛濛,1,,,
 图书 / 虚构 ,"中国古典四大名著之一。原名《石头记》，在贾、史、王、薛四大家族兴衰的背景下，生动深刻地描绘了“木石前盟”“金玉良缘”的爱情悲剧，塑造了贾宝玉、林黛玉、薛宝钗、王熙凤等个性鲜明的艺…
",红楼梦（绣像珍藏本·共2册）,,,,
 图书 / 虚构 ,"小说《巴黎圣母院》艺术地再现了四百多年前法王路易十一统治时期的真实历史，宫廷与教会如何狼狈为奸压迫人民群众，人民群众怎样同两股势力英勇斗争。小说中的反叛者吉卜赛女郎爱斯美拉达和面…
",巴黎圣母院,1,,,
 图书 / 虚构 ,"蜀山五骑辞师寻剑，三大神剑认主归顺。武当山翠屏峰，青云妙计收剑灵，青索剑温顺地缠绕青云的手臂，化作一只青色的手镯，同时数道青色的耀眼光芒从手镯中升起，穿破洞顶，直指云霄。青崇山铸…
",蜀山战纪之剑侠传奇（第四部）,1,,,
 图书 / 虚构 ,"经过了一段的沉寂后，柳飞云与李晓峰合伙开了家只有一名员工的皮包公司。在整整亏损了三个月之后，他们饥不择食地接下了自开张以来的第一单生意：调查一具四处游荡的尸体！随后，便陷入到了一…
",密室之无可逃脱,,,,
 图书 / 虚构 ,"《悲惨世界》(套装上下册)通过冉阿让等人的悲惨遭遇以及冉阿让被卞福汝主教感化后一系列令人感动的事迹，深刻揭露和批判了19世纪法国封建专制社会的腐朽本质及其罪恶现象，对穷苦人民在封建重…
",悲惨世界（下）,6,,,
 图书 / 虚构 ,"《战地花开》长篇小说根据同名电视剧《战地花开》改编。故事置于抗战时期第一次湖南长沙保卫战的背景之下，围绕着一批年轻貌美且身份各异的姑娘们展开。 作者：李康
",战地花开,,,,
 图书 / 虚构 ,"这是法国十九世纪浪漫派领袖雨果继《巴黎圣母院》之后创作的又一部气势恢宏的鸿篇巨著。全书以卓越的艺术魅力，展示了一幅自1793年法国大革命至1832年巴黎人民起义期间，法国近代社会生活和政…
",悲惨世界（上）,,,,
 图书 / 虚构 ,"历来的红岩故事只写渣滓洞监狱中志士的慷慨悲歌、视死如归。本书另辟蹊径，以档案史料和真实的历史为背景，以小说的笔法描写了重庆解放初期渣滓洞刽子手潜伏、破坏，公安机关挖潜、追逃的惊心…
",追捕渣滓洞刽子手,,,,
 图书 / 虚构 ,"《基督山伯爵》（又称《基督山恩仇记》）主要讲述19世纪一位名叫埃德蒙·当泰斯的大副即将获得幸福却遭到无端陷害后的悲惨遭遇，以及日后以基督山伯爵身份成功复仇的故事。哥特式的故事情节、…
",基督山伯爵：下册,,,,
 图书 / 虚构 ,"永琪和知画要成亲了？促成婚事的竟是小燕子？！乾隆南巡，又发生了什么事？夏盈盈和乾隆的忘年之爱，掀起了怎样的轩然大波？才华横溢的知画，怎会进了皇宫，成为五阿哥的新娘？紫薇和尔康有了…
",还珠格格：第三部之天上人间（中）,,,,
 图书 / 虚构 ,"一个乡长的乡里故事。 我们都生活在一个又一个的圈子里，这圈子是用栅栏围成的，里面能看见外面，外面能看见里面。栅栏里是耕田，小麦、白菜、鲜花和杂草，都青翠翠地生长着…… 于文胜，男…
",大栅栏,,,,
 图书 / 虚构 ,"前往魔法之地纳尼亚的终极旅程，是同邪恶的大决战。 纳尼亚……那里最后的国王英勇奋战，当悲伤的道别化作欢歌……冒险重又开始。 一只无尾猿无意中拣到一张狮子毛皮，劝诱他的朋友——头脑…
",最后一战（中英双语）,1,,,
 图书 / 虚构 ,"这是一个高富帅和白富美的圈子，他们生下来便拥有一切，也注定被生意与争斗紧紧捆绑。在他们的人生里，没有相互喜欢，只有出于家族需要的联姻，这是坐拥一切的代价。可是，一定要向命运屈服吗…
",继承者们（上）,,,,
 图书 / 虚构 ,"女酿酒师花红被养父故意输给田树根，田树才代兄迎亲，新婚之夜，土匪陈三炮打劫田家，抢走新娘花红。田老爷临死留嘱永世不许田家向陈三炮复仇。花红酿的酒获国际金奖，有人在觊觎着田家酒坊，…
",花红花火,,,,
 图书 / 虚构 ,"《基督山伯爵》（又称《基督山恩仇记》）主要讲述19世纪一位名叫埃德蒙·当泰斯的大副即将获得幸福却遭到无端陷害后的悲惨遭遇，以及日后以基督山伯爵身份成功复仇的故事。哥特式的故事情节、…
",基督山伯爵：上册,2,,,
 图书 / 虚构 ,"尔康战死沙场？紫薇決定殉情相随？！清缅战争，永琪、尔康、萧剑都上了战场，付出怎样惨痛的代价？尔康战死沙场，紫薇的幸福在一剎那间瓦解崩裂，她将如何面对？萧剑、小燕子和乾隆间的杀父之…
",还珠格格：第三部之天上人间（下）,,,,
 图书 / 虚构 ,"故事以19世纪60年代美国南北战争和战后重建时期为背景，以女主人公郝思嘉曲折、哀婉的生活、爱情与婚姻故事为主线，描绘了内战前后美国南方人的生活。小说在描绘人物生活与爱情的同时，勾勒出…
",飘（下）（经典世界名著）,,,,
 图书 / 非虚构 ,"本书记录的，是短短六期“十八大观察”的节目内容。呈现的，是未来5年、10年甚至更长时间，中国前行的道路和方向。见证的，是一群有点疑惑，有点犹豫，有点忐忑，但最终还是选择勇往直前、突…
",为了美好生活新愿景：岩松夏丹十八大观察,,,,
 图书 / 虚构 ,"宫中的冒牌格格小燕子日渐得宠，宫外的正牌格格紫薇却妾身未明，为了让她们俩各归其位，尔康、永琪、尔泰不得不冒被杀头的危险，把紫薇送进宫中…… 琼瑶，本名陈喆，台湾最著名女作家、影…
",还珠格格：第一部（下）,,,,
 图书 / 虚构 ,"本剧荣获2001年肯尼迪中心美国大学生戏剧节二区编剧奖、2008年西北地区高中戏剧节最佳制作、最佳女主角、最佳女配角、最佳声效奖。 15岁的朱莉离家出走了，是为了逃离粗言秽语又酗酒成性的父…
",朱莉去哪儿了？,,,,
 图书 / 虚构 ,"两个背景不同、性格迥异的女子小燕子和紫薇相遇在几次混乱中，莫名地一见如故，结拜为姐妹。这时，小燕子才知道紫薇千里迢迢来找寻的父亲，竟是当今圣上乾隆！……宫中的冒牌格格小燕子日渐得…
",还珠格格第一部（套装全2册）,,,,
 图书 / 虚构 ,"乾隆二十五年，新疆王将掌上明珠含香献给乾隆皇帝。小燕子、紫薇、永琪、尔康得知含香和心上人蒙丹的相恋故事，竟路见不平，决定要助有情人终成眷属，甚至把蒙丹偷带入宫……中册：小燕子、紫…
",还珠格格第二部（套装全3册）,,,,
 图书 / 虚构 ,"千余年后的纳尼亚被入侵的台尔马人占领数百年，小矮人、树精、能言兽等逐渐绝迹。纳尼亚此时的国王米拉兹弒兄篡位，侄子凯斯宾王子一直被蒙在鼓里，后经家庭教师克奈尔斯博士相告才得知真相。…
",纳尼亚传奇：凯斯宾王子,,,,
 图书 / 虚构 ,"小燕子和紫薇婚后，到底发生了一些什么事？大而化之、状况不断的小燕子，能够当五阿哥的贤内助吗？乾隆南巡，又发生了什么事？夏盈盈和乾隆的忘年之爱，掀起了怎样的轩然大波？才华横溢的知画…
",还珠格格第三部（套装全3册）,,,,
 图书 / 非虚构 ,"《中国现代性的影像书写：新时期改革题材电视剧研究》重点从“主题思想”、“人物塑造”、“艺术叙事”、“现代性体验”、“艺术生产”和“艺术接受”等几个主要方面来揭示和阐述改革题材电视…
",中国现代性的影像书写,1,,,
 图书 / 虚构 ,"海归的高管，初入职场的乖乖女，犯傻的小职员，胡同里不能低下头的公主加上富二代的小奸商。 五个性格迥异的女生，五种不一样的青春，在一栋名为欢乐颂的公寓里，上演着关于成长，关于爱情，…
",欢乐颂. 典藏版 3,16,,,7.4
 图书 / 虚构 ,"在一夕之间,雨凤和雨鹃这对绝色的姐妹，竟尝尽人间最大的悲剧！展家二少爷的一把火，烧尽了寄傲山庄、烧死了父亲、更烧掉全部的希望。带着三个年幼的弟妹，柔弱的雨凤和倔強的雨娟怎么挑得起…
",苍天有泪（套装全3册）,,,,
 图书 / 虚构 ,"穷苦男孩沙斯塔和能言马布里一起逃离卡乐门，前往幸福的国度纳尼亚。在狮子的追赶下，他遇到阿拉维斯和她的能言马赫温。他们结伴同行，但刚走到塔什班城，沙斯塔和阿拉维斯的原定计划就被打乱…
",纳尼亚传奇：能言马与男孩,,,,
 图书 / 非虚构 ,"《漫不经心的传奇：法国电影与电影的法国》是一部透过法国电影咂摸法国文化的佳作。 本书贯穿着作者对法国社会和文化长达十年的观察、体验与求证，电影成为作者向读者描绘法国的最好介质，因…
",漫不经心的传奇：法国电影与电影的法国 ,3,,,
 图书 / 虚构 ,"来自韩国的大男孩俊浩在意大利西西里岛长大，他的身上有着如同阳光一般和煦的热情，一点点融化了中国少女小悠冰冷的面具。 是不是每一段温暖的开始，都会如愿伴随着阳光结束？ 小悠思来想去…
",谎言西西里,,,,
 图书 / 虚构 ,"这是一个关于爱情持久战的故事：一个无坚不摧的战斗英雄，一次激情的遭遇，他陷入了一场爱情的持久战，他用他的毕生占领了他心爱女人的心，他爱得那么深、那么无怨无悔…… 全国解放前夕，在…
",激情燃烧的岁月,,,,
 图书 / 虚构 ,"《纳尼亚传奇1：狮子·女巫·魔衣橱》讲述了，彼得、苏珊、爱德蒙、露茜通过乡间大宅里的一个魔衣橱来到了神奇的纳尼亚。 在那里，四兄妹与阿斯兰一同击败了白女巫，收复了纳尼亚。四兄妹在…
",纳尼亚传奇1：狮子·女巫·魔衣橱,,,,
 图书 / 虚构 ,"霍父是镖局元老，后退隐江湖，不希望子承旧业。可过去的仇人非要置霍家于死地。大难来临之时， 霍元甲无力拯救家人，受尽屈辱。突击学艺，救全家和乡亲们于水火之中。成为全村英雄。他被恶势…
",青年霍元甲（上）,,,,
 图书 / 虚构 ,"一个女人40年的情与爱，被一枝细腻而绚烂的笔写得哀婉动人，跌宕起伏。 20世纪40年代，还是中学生的王琦瑶被选为“上海小姐”，从此开始命运多舛的一生，做了某大员的“金丝雀”，从少女变…
",长恨歌,,,,
 图书 / 虚构 ,"本书是唐代裴鉶所著文言短篇小说集《传奇》中的一篇。唐传奇的出现是我国文言小说成熟的标志，其中很多作品对后世的文学经典创作有着深远的影响。比如王实甫的《西厢记》就是取材于唐代传奇《…
",聂隐娘：唐传奇精选（文白对照插图本）,5,,,
 图书 / 虚构 ,"《神探夏洛克》是近年上映的英剧作品，主演“卷福”(本尼迪克特康伯巴奇）“花生”（马丁弗瑞曼）凭借该系列剧集一炮走红，后来分别在获奖影片《霍比特人》《模仿游戏》《为奴十二年》中担纲…
",神探夏洛克·5,,,,
 图书 / 虚构 ,"经典怀旧剧情《老男孩》后续故事，感人怀旧，催泪情节——筷子兄弟一夜成名之后，肖大宝却意外车祸成为了植物人……王小帅会为自己的梦想继续单飞么？校花马玲最终离开了包子，她是否会回到植…
",再见，老男孩,1,,,
 图书 / 虚构 ,"小说《王禅传奇》，是在电视剧的基础上改编而成。故事通过文学艺术手段描写，情节生动感人，人物性格表现的都活灵活现，故事走向明确，悬念新颖。如传说中说：王禅能“呼风唤雨，撒豆成兵”，…
",王禅传奇,,,,
 图书 / 非虚构 ,"本书收录周时奋在影视文学创作领域的专题片作品和解说词11篇，主要有《宁波商帮》、《中国越剧》、《认识宁波》和《慈城》等，大多创作于21世纪初。其中《中国越剧》为袁雪芬等越剧大家和越剧…
",宁波商帮,,,,
 图书 / 虚构 ,"《后厨》五星级酒店的行政总厨徐冰，身为女性，年过三十，统帅着一个上百人的大厨房，关起门来，她就是这个厨房的女王。她下面有若干二厨，若干三厨，若干帮厨，从他们的服色，领巾，以及帽子…
",后厨,2,,,
 图书 / 虚构 ,"霍父是镖局元老，后退隐江湖，不希望子承旧业。可过去的仇人非要置霍家于死地。大难来临之时， 霍元甲无力拯救家人，受尽屈辱。突击学艺，救全家和乡亲们于水火之中。成为全村英雄。他被恶势…
",青年霍元甲（全集）,,,,
 图书 / 虚构 ,"天海博物馆研究员李冰荷和李宇凡是一对对唐朝历史十分痴迷的兄妹，孪生通心，所以姐弟二人常做同一个梦。冰荷与宇凡在追寻被盗文物的路上发生车祸……宇凡为了唤醒昏迷不醒的姐姐一再潜入唐朝…
",梦回唐朝（下）,,,,
 图书 / 虚构 ,"吉卜赛弃儿希斯克利夫被呼啸山庄的主人恩肖先生收养后，与其女凯瑟琳相互爱慕，并且反抗其子亨得利的专横暴虐。凯瑟琳因为和希斯克利夫社会地位的悬殊以及自己的虚荣心，接受了画眉山庄的主人…
",呼啸山庄,2,,,
 图书 / 虚构 ,"影视圈一直是无数少男少女向往的天堂，一直以来多少人都以为影视圈风光无限，金钱重磅，名利双收，事实上，多少俊男美女为了星光大道成名之路，都付出了不为人之的惨痛代价...... 本小说真实…
",女明星奋斗史,1,,,
 图书 / 虚构 ,"本书以元代名画《富春山居图无用师卷》被偷一事为线索，讲述主人公胡林楠临危受命，用自己过人的智慧协助警方追回被盗国宝的故事。而在案件侦破的过程中，也揭开了被历史掩藏的惊天秘密。原来…
",天机,,,,
 图书 / 虚构 ,"迪格雷和波莉被安德鲁舅舅利用魔戒，送到一个可以通往不同世界的神秘树林。在树林里，两人用魔戒穿梭到恰恩城。好奇心让迪格雷敲响了宫殿内的小钟，打破了禁锢恰恩城的魔咒，导致恰恩城彻底崩…
",纳尼亚传奇：魔法师的外甥,1,,,
 图书 / 虚构 ,"《西游记》为明代小说家吴承恩所著。取材于《大唐西域记》和民间传说、元杂剧。宋代《大唐三藏取经诗话》（本名《大唐三藏取经记》）是西游记故事见于说话文字的最早雏形，其中，唐僧就是以玄…
",西游记,12,,,8.0
 图书 / 虚构 ,"本书是2013年度姚晨、吴彦祖主演的电影《控制》的原著小说。讲述了主人公马克为了母亲替公司做伪证，遭神秘人要挟，被迫去银行盗巨款。而银行经理竟是马克的初恋情人，取钱后两人旧情复燃。之…
",控制,1,,,
 图书 / 虚构 ,"布莱斯全家搬到小镇，邻家女孩朱莉前来帮忙。她对他一见钟情，心愿是获得他的吻。两人是同班同学，她一直想方设法接近他，但是他避之不及。她喜欢爬在高高的梧桐树上看风景。但因为施工，树要…
",怦然心动,3,,,
 图书 / 虚构 ,"韦庄一条很深的巷子，两边是参差不齐而又十分简陋的土坯房。土墙上依稀可见已经褪色的“农业学大寨”的标语。一个穿着短袖花格子上衣、身材壮实的农村中年妇女一边急速奔跑，一边扯着嗓子大喊…
",石油母亲,,,,
 图书 / 虚构 ,"本书包括《铁梨花》《淝水大战》《初夏的风》《地狱究竟有几层》《大汉王朝（上集）》和《大汉王朝（下集）》。从晋陕交界的抢亲事件到滇西南的抗日战场，从爱恨纠葛的情感恩怨到硝烟弥漫的家…
",大汉王朝,,,,
 图书 / 虚构 ,"《三国演义》是中国古典四大名著之一，是中国第一部长篇章回体历史演义小说，全名为《三国志通俗演义》，作者是元末明初的小说家罗贯中。 《三国演义》描写了从东汉末年到西晋初年之间近105…
",三国演义,2,,,
 图书 / 虚构 ,"中国版《人鬼情未了》完美演绎。 将脸藏在阴影处的老板；笑容如鬼娃花子般诡异的老板娘；全身湿淋淋贞子般恐怖的红衣女人；皮肤惨白发出夜枭哭声的小男孩…… 深山古镇里，一夜之间，小镇旅…
",校花诡异事件,,,,
 图书 / 虚构 ,"故事讲述了一对典型的“悔丁”夫妻梅亚楠和向志远，妻子随着年龄增长面临不能生育的危机，更糟糕的是此时她发现一向坚持“丁克”的丈夫早已经迫切地想要一个孩子了。而他们的好友，相恋多年“…
",悔丁族,1,,,
 图书 / 虚构 ,"三流国标舞者任小弦婚前得知未婚夫黄乐宗竟是武术世家的贵公子。不料这个麻雀变凤凰的浪漫开始，却随着黄乐宗在蜜月期的神秘失踪，变成了“噩梦”。 身为武术大师的婆婆梅超英在经历失子之痛…
",功夫婆媳,,,,
 图书 / 虚构 ,"作为蜀山三杰之一的上官警我本是门中潇洒不羁的风云人物，却因不满师父断他一臂，又被禁闭在伏魔谷而心生怨念，于是修炼禁术血影神功，加之体内有赤魂石能量，使得他走火入魔，在师兄诸葛驭我…
",蜀山战纪之剑侠传奇,,,,
 图书 / 虚构 ,"深深的地下，邪恶的魔法之网囚禁着一位王子。 纳尼亚……那里猫头鹰召开议会，当邪恶编织着魔咒……巫术征服了大地。 尤斯塔斯和女生吉儿被一群坏学生所追赶，逃进了一扇通往荒野的小门，意…
",银椅（中英双语）,2,,,
 图书 / 虚构 ,"这一刻，丁隐已然降服了心魔，战胜了宿命，看化了仇恨，超越了生死。如果说他的人生，是一场连着一场为人操控的傀儡戏目，那么他此刻已然挣断了一切命运的伏线，可以笑忘前愆，将业火化作红莲…
",蜀山战纪之剑侠传奇（第五部）,,,,
 图书 / 虚构 ,"这辈子，欲罢不能，我只能献出蓬勃的心跳延续我对你爱的坚持；下辈子，你一定要给我更早的机会相遇，我们只能是彼此的唯一。 三年光阴转瞬即逝，他跟她心里隔着汪洋大海，不论是他过来还是她…
",如果可以这样爱（下）,2,,,
 图书 / 虚构 ,"东华洋行行长沈西林，在天津商界呼风唤雨。但很少有人知道，他还有另外一个身份：汪伪政权特务委员会情报处处长。他花天酒地，左右逢源。然而日本陆军情报机关新派来的大佐武田弘一却对其身份…
",锋刃,1,,,
 图书 / 虚构 ,"乔·凯拉克劳福非常难过，他怎么也弄不明白父母为什么把莱西卖掉；而莱西同样也不明白为什么主人把她送到一个陌生的环境中。她一次次从新家逃脱，一次次履行她终身 的义务——去学校门口等待…
",莱西回家,,,,
 图书 / 虚构 ,"雕刻高手顾一诺因为祖上遗留下来的恩仇纠葛，带着妹妹潜入家乡寻凶，却误打误撞爱上不该爱的女子郑雪竹。随后顾一诺深陷各种危险困境之中，面对一个又一个生死挑战，他依旧痴心不改，最终与有…
",赌玉,1,,,
 图书 / 虚构 ,"传奇特工007－詹姆斯·邦德驰骋荧屏40年，经典电影原著小说中国大陆首次引进出版、震撼登陆。 詹姆斯·邦德大战魔鬼党——掀起《霹雳风暴》，同名电影荣获第38届奥斯卡最佳视觉效果奖，好莱…
",007谍海系列：霹雳风暴,,,,
 图书 / 虚构 ,"20世纪30年代的上海滩，玫瑰庄园的新女主人阿布，被夜色深处神秘的歌声吸引。当她在重重迷雾中寻找真相时，真正的幕后操纵者正隐藏在黄浦江畔对她虎视眈眈。原来，丈夫白一鸣（陆毅饰）是“海…
",铁面歌女,,,,
 图书 / 虚构 ,"《神探夏洛克》是近年上映的英剧作品，主演“卷福”(本尼迪克特康伯巴奇）“花生”（马丁弗瑞曼）凭借该系列剧集一炮走红，后来分别在获奖影片《霍比特人》《模仿游戏》《为奴十二年》中担纲…
",神探夏洛克·4,1,,,
 图书 / 虚构 ,"这是一个深情动人的人狗之间感情的故事，是《在轮回中找你》的延续。小说的主题是“轮回”与“狗狗爱人”。 从书中的女主角克拉丽缇朱恩CJ的孩提时代起，就有一只忠诚的狗狗一直守护着她。CJ…
",说好永远陪伴你,1,,,
 图书 / 虚构 ,"霍父是镖局元老，后退隐江湖，不希望子承旧业。可过去的仇人非要置霍家于死地。大难来临之时， 霍元甲无力拯救家人，受尽屈辱。突击学艺，救全家和乡亲们于水火之中。成为全村英雄。他被恶势…
",青年霍元甲（下）,,,,
 图书 / 虚构 ,"东方靖琪幼年时家中发生巨变，义父吴啸天将其收养并教授其医术。长大成人后，心怀仇恨的东方靖琪用化名进入暨阳县药商杜远山府里做丫鬟。在实施复仇计划的过程中，靖琪却发现当年的惨剧另有隐…
",女管家,,,,
 图书 / 虚构 ,"本书收录了《幸福时光》的电影小说和拍摄剧本，并附有创作备忘录，第一次向世人展示了一个著名导演和他的主创人员如何将一部电影进行到底……。 作者: 鬼子
",幸福时光,,,,
 图书 / 虚构 ,"《金黄血红》设置的故事情节，跌宏起伏，曲折复杂。剧本自始至终围绕筹集黄金和护送黄金这条主线而展开故事。我党私、密筹集黄金送延安，马主招日寇得到密报后，千方百计抢夺黄金，偷运东京。…
",金黄血红,,,,
 图书 / 虚构 ,"那年夏天，与你共赏的海，我是不会忘记的。 因事故住院的青年，对病房窗外一户独门独院的小楼产生了兴趣，开始观察起那一家人的生活来。不料，某个夜晚，他似乎目击到了那家的女儿杀掉父亲的…
",夏天，十九岁的肖像,6,,,
 图书 / 虚构 ,"天海博物馆研究员李冰荷和李宇凡是一对对唐朝历史十分痴迷的兄妹，孪生通心，所以姐弟二人常做同一个梦。冰荷与宇凡在追寻被盗文物的路上发生车祸……宇凡为了唤醒昏迷不醒的姐姐一再潜入唐朝…
",梦回唐朝（上）,,,,
price,category,rate,brief,title,author,count
, 图书 / 虚构 ,9.6,"《白夜行》姊妹篇《幻夜》购买地址：http://read.douban.com/ebook/698016/ 1973年，大阪的一栋废弃建筑中发现一名遭利器刺死的男子。案件扑朔迷离，悬而未决。 此后20年间，案件滋生出的…
",白夜行,,4040
, 图书 / 非虚构 ,8.4,"陈坤动情自述从出身贫寒的“北漂”青年一夜成名到找回自我，继而重新上路的成长历程。关于亲情与友情、家庭与事业、名利与信仰的心灵全纪录。 本书记录了陈坤带领十名大学生志愿者行走西藏过…
",突然就走到了西藏,,527
, 图书 / 虚构 ,9.6,"红色（下） https://read.douban.com/ebook/15637106/ 1937年，淞沪会战硝烟未散，上海沦陷。 徐天，三角地菜场的一个普通会计， 晕血，红色色盲，貌不惊人，一次帮助我党货船的安全撤离…
",红色（上）,,62
, 图书 / 虚构 ,7.8,"海归的高管，初入职场的乖乖女，犯傻的小职员，胡同里不能低下头的公主加上富二代的小奸商。五个性格迥异的女生，五种不一样的青春，在一栋名为欢乐颂的公寓里，上演着关于成长，关于爱情，关…
",欢乐颂（全三册）,,355
, 图书 / 虚构 ,,"◆全球畅销数十年，多次占领《纽约时报》畅销榜第1名 1991年第一部面世以来，已经陆续出版了八部长篇小说，出版三十多个语种，全球持续畅销。 ◆改编美剧《古战场传奇》持续热播 2014年美…
",异乡人.5，遥远的重逢,,6
, 图书 / 虚构 ,,"陈乔恩、王凯、乔任梁领衔主演 年度时尚浪漫爱情大剧《放弃我，抓紧我》同名小说 婚纱的款式有很多种，公主型、鱼尾型、抹胸型…… 爱情的样子也有很多种，浪漫的、悸动的、心酸的…… 这…
",放弃我，抓紧我（上）,,
, 图书 / 非虚构 ,,"在北京电影学院有一门各系学生必修的课程：“影片分析课”。该课受到学生们的热烈欢迎。本书是该课主讲教员的部分讲义。 本书是一部影片读解著作，作者以其深厚的电影功力和对电影制作的深入…
",荣誉：影片《罗拉快跑》读解,,7
, 图书 / 虚构 ,,"改编自本书的同名电视剧《兰陵王妃》正在湖南卫视热播，由新生代偶像张含韵，陈奕，沈建宏等主演。 一场国与国之间的权力争斗，一件改天换命的上古至宝，一个谜一样女子的情缘纠缠。初相见…
",兰陵王妃,,4
, 图书 / 虚构 ,,"本书记录了T. E.劳伦斯在沙漠中的战争回忆，被公认为“英语文学中最伟大的现代史诗”。第一次世界大战爆发后，劳伦斯毅然放弃考古工作，进入开罗军事情报部，负责中东地区的情报收集及战略建…
",智慧七柱Ⅱ,,
, 图书 / 虚构 ,,"《天台》的故事发生在一个复古怀旧的虚拟时空，故事描述着两种人生，一种是住在天台上的人，他们天天载歌载舞，过着无忧无虑的日子；而住在天台下的人，却是比较有钱有势利。住在天台的医馆穷…
",天台,,1
, 图书 / 虚构 ,,"经过了一段的沉寂后，柳飞云与李晓峰合伙开了家只有一名员工的皮包公司。在整整亏损了三个月之后，他们饥不择食地接下了自开张以来的第一单生意：调查一具四处游荡的尸体！随后，便陷入到了一…
",密室之无可逃脱,,
, 图书 / 虚构 ,,"小燕子和紫薇婚后，到底发生了一些什么事？大而化之、状况不断的小燕子，能够当五阿哥的贤内助吗？乾隆南巡，又发生了什么事？夏盈盈和乾隆的忘年之爱，掀起了怎样的轩然大波？才华横溢的知画…
",还珠格格第三部（套装全3册）,,
, 图书 / 虚构 ,,"影视圈一直是无数少男少女向往的天堂，一直以来多少人都以为影视圈风光无限，金钱重磅，名利双收，事实上，多少俊男美女为了星光大道成名之路，都付出了不为人之的惨痛代价...... 本小说真实…
",女明星奋斗史,,1
, 图书 / 虚构 ,,"20世纪30年代的上海滩，玫瑰庄园的新女主人阿布，被夜色深处神秘的歌声吸引。当她在重重迷雾中寻找真相时，真正的幕后操纵者正隐藏在黄浦江畔对她虎视眈眈。原来，丈夫白一鸣（陆毅饰）是“海…
",铁面歌女,,
brief,rate,price,author,title,count,category
"《白夜行》姊妹篇《幻夜》购买地址：http://read.douban.com/ebook/698016/ 1973年，大阪的一栋废弃建筑中发现一名遭利器刺死的男子。案件扑朔迷离，悬而未决。 此后20年间，案件滋生出的…
",9.6,,,白夜行,4040, 图书 / 虚构 
title,rate,author,brief,category,count
白夜行,9.6,,"《白夜行》姊妹篇《幻夜》购买地址：http://read.douban.com/ebook/698016/ 1973年，大阪的一栋废弃建筑中发现一名遭利器刺死的男子。案件扑朔迷离，悬而未决。 此后20年间，案件滋生出的…
", 图书 / 虚构 ,4040
title,brief,rate,author,category,count
白夜行,"《白夜行》姊妹篇《幻夜》购买地址：http://read.douban.com/ebook/698016/ 1973年，大阪的一栋废弃建筑中发现一名遭利器刺死的男子。案件扑朔迷离，悬而未决。 此后20年间，案件滋生出的…
",9.6,, 图书 / 虚构 ,4040
rate,category,title,brief,author,count
9.6, 图书 / 虚构 ,白夜行,"《白夜行》姊妹篇《幻夜》购买地址：http://read.douban.com/ebook/698016/ 1973年，大阪的一栋废弃建筑中发现一名遭利器刺死的男子。案件扑朔迷离，悬而未决。 此后20年间，案件滋生出的…
",〔日〕东野圭吾 ,4040
count,rate,category,author,title,brief
4040,9.6, 图书 / 虚构 ,〔日〕东野圭吾 ,白夜行,"《白夜行》姊妹篇《幻夜》购买地址：http://read.douban.com/ebook/698016/ 1973年，大阪的一栋废弃建筑中发现一名遭利器刺死的男子。案件扑朔迷离，悬而未决。 此后20年间，案件滋生出的…
"
brief,count,rate,category,title,author
"《白夜行》姊妹篇《幻夜》购买地址：http://read.douban.com/ebook/698016/ 1973年，大阪的一栋废弃建筑中发现一名遭利器刺死的男子。案件扑朔迷离，悬而未决。 此后20年间，案件滋生出的…
",4040,9.6, 图书 / 虚构 ,白夜行,〔日〕东野圭吾 
"二十世纪三十年代，大萧条时期美国南部的一个小镇，三个孩子平静的生活被两桩冤案彻底打破。传闻与事实，坚强与软弱，正义与邪恶，忠诚与背叛，他们在痛苦与矛盾中艰难地拨开生活的重重迷雾，…
",360,9.4, 图书 / 虚构 ,杀死一只知更鸟,〔美〕哈珀·李
"只有你身为女人才会知道这些丑陋的秘密； 两个女人，50年的友谊和战争。 《我的天才女友》是埃莱娜·费兰特“那不勒斯四部曲”的第一部，讲述了两个女主人公莉拉和埃莱娜的少女时代。故事…
",303,8.8, 图书 / 虚构 ,我的天才女友,〔意〕埃莱娜·费兰特（Elena Ferrante）
"“科幻鬼才”菲利普•迪克成长于西方科技文明创造出的崭新辉煌的时代。彼时，人类进入了太空，登上了月球，成功制造出第一台工业用机器人……科技的蓬勃发展也催生出主流科幻小说对人类创造…
",118,9.0, 图书 / 虚构 ,仿生人会梦见电子羊吗？,〔美〕菲利普·迪克
"《傲慢与偏见》主讲了奥斯丁的讽刺艺术，不仅表现在某些人物的喜剧性格上，也不仅表现在众多情节的喜剧性处理上，而且还融汇在整个故事的反讽构思中，让现实对人们的主观臆想进行嘲讽。男主角…
",438,9.4, 图书 / 虚构 ,傲慢与偏见,〔英国 〕 简·奥斯丁 
"电影《浪潮》（Die Welle）同名原著。 世界离独裁有多远？ 35岁的德国导演丹尼斯·甘赛尔（Dennis Gansel）透过他杰出的电影《浪潮》给出了一个惊人的答案：世界离独裁只有五天！ 《浪潮…
",8,, 图书 / 虚构 ,浪潮,〔美〕托德·斯特拉瑟（ToddStrasser）
"原网络著名“谋杀官员”系列，国内首部“反类型”罪案小说。本作品一经推出，立刻引发轰动效应，作者用直白、利落的笔触，透视社会夹缝中的罪恶之源，写就最悲怆的宿命。 众目睽睽下的杀人游…
",1390,9.0, 图书 / 虚构 ,高智商犯罪：死神代言人,紫金陈
"《北京遇上西雅图之不二情书》吴秀波、汤唯因《查令十字街84号》结缘，以书为证，以信为媒，演绎《查令十字街84号》新故事。 纪念作者诞辰一百周年（1916.4.15-2016.4.15）；译者陈建铭修…
",869,9.0, 图书 / 虚构 ,查令十字街84号,〔美〕海莲·汉芙
"七个短篇小说，七把扎出人性荒诞的利刃。 程耳的小说如同他的电影，循环推进，起落得当，总要人怀着好奇与疑惑，绝难一览无余。他通过冷静自律又舒缓细腻的叙述，连接往昔与现在，抖落隐秘--…
",1049,8.0, 图书 / 虚构 ,罗曼蒂克消亡史,程耳
"同名电视剧原著小说，唯一专有版权。 在从清末民初到建国之初的半个世纪里，一阵阵狂风掠过了白鹿原上空，而每一次的变动都震荡着它的内在结构：打乱了再恢复，恢复了再打乱，细腻地反映出白…
",1110,9.6, 图书 / 虚构 ,白鹿原,陈忠实
"《天下粮仓》姊妹篇，清朝版《人民的名义》，同名电视剧央视热播中！ 民以食为天，中国历史是三千年粮仓保卫战； 只有读懂了中华大地上的粮食，才能真正读懂中国历史； 披肝沥胆、十年磨成…
",2,, 图书 / 虚构 ,天下粮田,高锋
"自1997年初版以来，《故事》一直是全世界编剧的第一必读经典，至今，仍属于美国亚马逊最畅销图书中的Top 100。集结了罗伯特•麦基30年的授课经验，本书在对《教父》《阿甘正传》《星球大战…
",145,9.4, 图书 / 非虚构 ,故事：材质、结构、风格和银幕剧作的原理,〔美〕麦基
"《妻妾成群》借旧中国特有的封建家庭模式作小说的框架，一个男人娶了四个女人做太太。但作者关心的不是一个男人如何在四个女人中周旋，如何控制她们，而是关心四个女人怎会把她们一齐拴在一个…
",154,8.6, 图书 / 虚构 ,妻妾成群,苏童
"宫崎骏的《起风了》，是根据零式战斗机设计师堀越二郎的人生事迹和作家堀辰雄的同名小说改编，与堀辰雄的自传体故事相契合的部分可能只有一个追求梦想的少年和薄命少女的恋爱故事。纯洁的心灵…
",21,7.6, 图书 / 虚构 ,起风了,〔日〕堀辰雄
"西游是一个很悲壮的故事，是一个关于一群人在路上想寻找当年失去的理想的故事。 五百年，很漫长吗？没有记忆能穿透它。没有什么是永恒的。不如忘记吧。 五百年后，戴上了金箍、忘记了自己是…
",331,8.2, 图书 / 虚构 ,悟空传,今何在
"《幻夜》姊妹篇《白夜行》购买地址：http://read.douban.com/ebook/680843/ 是什么样的过去，造就了她的魔性？ 是什么样的幻影，操纵着他的灵魂？ 我们只能走在幻夜的路上，即使四周明亮…
",506,8.6, 图书 / 虚构 ,幻夜,〔日〕东野圭吾 
"此版本为中文翻译版，本书的英文原版：https://read.douban.com/ebook/23328970/ 「哈利用颤抖的手把信封翻转过来，只见上面有一块蜡封、一个盾牌饰章，大写“H”字母的周围圈着一头狮子、…
",200,9.8, 图书 / 虚构 ,哈利·波特与魔法石,〔英〕 J. K. 罗琳
"《老人与海》是海明威最著名的中篇小说，曾获普利策奖和诺贝尔文学奖。小说塑造了人类文学史上一个平民英雄的形象：古巴老渔夫圣地亚哥出海八十四天都一无所获，但他却并未绝望，最终钓上了一…
",196,8.6, 图书 / 虚构 ,老人与海,〔美〕海明威
"朱莉安娜·贝克虔诚地相信三件事：树是圣洁的，特别是她最爱的无花果树；她在后院里饲养的鸡下的蛋是最卫生的；总有一天她会和布莱斯·罗斯基接吻。二年级时，在看到布莱斯蓝眼睛的那一瞬间，…
",74,9.6, 图书 / 虚构 ,怦然心动,〔美〕文德琳·范·德拉安南
"林真理子“日本泡沫经济时代三部曲”代表之作，围绕女主人公引出的三条叙事线并进，被誉为三部曲中构思设计最为精巧之作！ 年轻离异的日本职业编剧泽野瑞枝因为一次采访邂逅了地产巨子郡司…
",63,8.0, 图书 / 虚构 ,遗失的世界,〔日〕林真理子
author,brief,count,title,rate,category
〔日〕东野圭吾 ,"《白夜行》姊妹篇《幻夜》购买地址：http://read.douban.com/ebook/698016/ 1973年，大阪的一栋废弃建筑中发现一名遭利器刺死的男子。案件扑朔迷离，悬而未决。 此后20年间，案件滋生出的…
",4040,白夜行,9.6, 图书 / 虚构 
〔美〕哈珀·李,"二十世纪三十年代，大萧条时期美国南部的一个小镇，三个孩子平静的生活被两桩冤案彻底打破。传闻与事实，坚强与软弱，正义与邪恶，忠诚与背叛，他们在痛苦与矛盾中艰难地拨开生活的重重迷雾，…
",360,杀死一只知更鸟,9.4, 图书 / 虚构 
〔意〕埃莱娜·费兰特（Elena Ferrante）,"只有你身为女人才会知道这些丑陋的秘密； 两个女人，50年的友谊和战争。 《我的天才女友》是埃莱娜·费兰特“那不勒斯四部曲”的第一部，讲述了两个女主人公莉拉和埃莱娜的少女时代。故事…
",303,我的天才女友,8.8, 图书 / 虚构 
〔美〕菲利普·迪克,"“科幻鬼才”菲利普•迪克成长于西方科技文明创造出的崭新辉煌的时代。彼时，人类进入了太空，登上了月球，成功制造出第一台工业用机器人……科技的蓬勃发展也催生出主流科幻小说对人类创造…
",118,仿生人会梦见电子羊吗？,9.0, 图书 / 虚构 
〔英国 〕 简·奥斯丁 ,"《傲慢与偏见》主讲了奥斯丁的讽刺艺术，不仅表现在某些人物的喜剧性格上，也不仅表现在众多情节的喜剧性处理上，而且还融汇在整个故事的反讽构思中，让现实对人们的主观臆想进行嘲讽。男主角…
",438,傲慢与偏见,9.4, 图书 / 虚构 
〔美〕托德·斯特拉瑟（ToddStrasser）,"电影《浪潮》（Die Welle）同名原著。 世界离独裁有多远？ 35岁的德国导演丹尼斯·甘赛尔（Dennis Gansel）透过他杰出的电影《浪潮》给出了一个惊人的答案：世界离独裁只有五天！ 《浪潮…
",8,浪潮,, 图书 / 虚构 
紫金陈,"原网络著名“谋杀官员”系列，国内首部“反类型”罪案小说。本作品一经推出，立刻引发轰动效应，作者用直白、利落的笔触，透视社会夹缝中的罪恶之源，写就最悲怆的宿命。 众目睽睽下的杀人游…
",1390,高智商犯罪：死神代言人,9.0, 图书 / 虚构 
〔美〕海莲·汉芙,"《北京遇上西雅图之不二情书》吴秀波、汤唯因《查令十字街84号》结缘，以书为证，以信为媒，演绎《查令十字街84号》新故事。 纪念作者诞辰一百周年（1916.4.15-2016.4.15）；译者陈建铭修…
",869,查令十字街84号,9.0, 图书 / 虚构 
程耳,"七个短篇小说，七把扎出人性荒诞的利刃。 程耳的小说如同他的电影，循环推进，起落得当，总要人怀着好奇与疑惑，绝难一览无余。他通过冷静自律又舒缓细腻的叙述，连接往昔与现在，抖落隐秘--…
",1049,罗曼蒂克消亡史,8.0, 图书 / 虚构 
陈忠实,"同名电视剧原著小说，唯一专有版权。 在从清末民初到建国之初的半个世纪里，一阵阵狂风掠过了白鹿原上空，而每一次的变动都震荡着它的内在结构：打乱了再恢复，恢复了再打乱，细腻地反映出白…
",1110,白鹿原,9.6, 图书 / 虚构 
高锋,"《天下粮仓》姊妹篇，清朝版《人民的名义》，同名电视剧央视热播中！ 民以食为天，中国历史是三千年粮仓保卫战； 只有读懂了中华大地上的粮食，才能真正读懂中国历史； 披肝沥胆、十年磨成…
",2,天下粮田,, 图书 / 虚构 
〔美〕麦基,"自1997年初版以来，《故事》一直是全世界编剧的第一必读经典，至今，仍属于美国亚马逊最畅销图书中的Top 100。集结了罗伯特•麦基30年的授课经验，本书在对《教父》《阿甘正传》《星球大战…
",145,故事：材质、结构、风格和银幕剧作的原理,9.4, 图书 / 非虚构 
苏童,"《妻妾成群》借旧中国特有的封建家庭模式作小说的框架，一个男人娶了四个女人做太太。但作者关心的不是一个男人如何在四个女人中周旋，如何控制她们，而是关心四个女人怎会把她们一齐拴在一个…
",154,妻妾成群,8.6, 图书 / 虚构 
〔日〕堀辰雄,"宫崎骏的《起风了》，是根据零式战斗机设计师堀越二郎的人生事迹和作家堀辰雄的同名小说改编，与堀辰雄的自传体故事相契合的部分可能只有一个追求梦想的少年和薄命少女的恋爱故事。纯洁的心灵…
",21,起风了,7.6, 图书 / 虚构 
今何在,"西游是一个很悲壮的故事，是一个关于一群人在路上想寻找当年失去的理想的故事。 五百年，很漫长吗？没有记忆能穿透它。没有什么是永恒的。不如忘记吧。 五百年后，戴上了金箍、忘记了自己是…
",331,悟空传,8.2, 图书 / 虚构 
〔日〕东野圭吾 ,"《幻夜》姊妹篇《白夜行》购买地址：http://read.douban.com/ebook/680843/ 是什么样的过去，造就了她的魔性？ 是什么样的幻影，操纵着他的灵魂？ 我们只能走在幻夜的路上，即使四周明亮…
",506,幻夜,8.6, 图书 / 虚构 
〔英〕 J. K. 罗琳,"此版本为中文翻译版，本书的英文原版：https://read.douban.com/ebook/23328970/ 「哈利用颤抖的手把信封翻转过来，只见上面有一块蜡封、一个盾牌饰章，大写“H”字母的周围圈着一头狮子、…
",200,哈利·波特与魔法石,9.8, 图书 / 虚构 
〔美〕海明威,"《老人与海》是海明威最著名的中篇小说，曾获普利策奖和诺贝尔文学奖。小说塑造了人类文学史上一个平民英雄的形象：古巴老渔夫圣地亚哥出海八十四天都一无所获，但他却并未绝望，最终钓上了一…
",196,老人与海,8.6, 图书 / 虚构 
〔美〕文德琳·范·德拉安南,"朱莉安娜·贝克虔诚地相信三件事：树是圣洁的，特别是她最爱的无花果树；她在后院里饲养的鸡下的蛋是最卫生的；总有一天她会和布莱斯·罗斯基接吻。二年级时，在看到布莱斯蓝眼睛的那一瞬间，…
",74,怦然心动,9.6, 图书 / 虚构 
〔日〕林真理子,"林真理子“日本泡沫经济时代三部曲”代表之作，围绕女主人公引出的三条叙事线并进，被誉为三部曲中构思设计最为精巧之作！ 年轻离异的日本职业编剧泽野瑞枝因为一次采访邂逅了地产巨子郡司…
",63,遗失的世界,8.0, 图书 / 虚构 
title,brief,rate,author,count,category
大数据时代：生活、工作与思维的大变革,"国外大数据研究的先河之作，讲述了大数据时代的思维变革、商业变革和管理变革。 本书作者维克托•迈尔•舍恩伯格被誉为“大数据商业应用第一人”，拥有在哈佛大学、牛津大学、耶鲁大学…
",,〔英〕维克托·迈尔·舍恩伯格（Viktor Mayer-Schönberger）,10, 图书 / 非虚构 
精通Python网络爬虫,"随着大数据时代的到来，我们经常需要在海量数据的互联网环境中搜集一些特定的数据并对其进行分析，我们可以使用网络爬虫对这些特定的数据进行爬取，并对一些无关的数据进行过滤，将目标数据筛…
",,韦玮,5, 图书 / 非虚构 
用数据讲故事,"本书通过大量案例研究介绍数据可视化的基础知识，以及如何利用数据创造出吸引人的、信息量大的、有说服力的故事，进而达到有效沟通的目的。具体内容包括：如何充分理解上下文，如何选择合适的…
",,〔美〕Cole Nussbaumer Knaflic,1, 图书 / 虚构 
数据可视化之美,"可视化是数据描述的图形表示，旨在一目了然地揭示数据中的复杂信息。可视化的典型如纽约地铁图和人脑图。成功的可视化的美丽之处既在于其艺术设计，也在于其通过对细节的优雅展示，能够有效地…
",8.2,〔美〕Julie Steele,12, 图书 / 非虚构 
魔鬼数学,"如果你是一个有“数学焦虑症”的人，你可能不会相信有一天你会爱上数学。 原因在于，我们在学校所学的数学知识看上去不过是一堆沉闷的规则、定律和公理，都是前人传下来的，而且是不容置疑的…
",,〔美〕乔丹·艾伦伯格（Jordan Ellenberg）,9, 图书 / 非虚构 
高性能MySQL,"《高性能mysql(第3版)》是mysql领域的经典之作，拥有广泛的影响力。第3版更新了大量的内容，不但涵盖了最新mysql5.5版本的新特性，也讲述了关于固态盘、高可扩展性设计和云计算环境下的数据库…
",,〔美〕施瓦茨 (Baron Schwartz),1, 图书 / 非虚构 
Python数据分析与挖掘实战,"本书从实践出发，结合大量数据挖掘工程案例及教学经验，以真实案例为主线，深入浅出地介绍数据挖掘建模过程中的有关任务：数据探索、数据预处理、分类与预测、聚类分析、时序预测、关联规则挖…
",,张良均 等,, 图书 / 非虚构 
Redis开发与运维,"本书全面讲解Redis基本功能及其应用，并结合线上开发与运维监控中的实际使用案例，深入分析并总结了实际开发运维中遇到的“陷阱”，以及背后的原因， 包含大规模集群开发与管理的场景、应用案…
",,付磊,5, 图书 / 非虚构 
数字化城市,"《数字化城市》这本书是麻省理工大学（MIT）可感城市实验室（Senseable City Lab）的一本论文集，也是东西文库的第一本公益电子书。这本书是“数字化城市”（或者用时髦一点的词“智能城市”…
",8.6,〔美〕迪特马尔·奥夫胡贝尔,46, 图书 / 非虚构 
数据的本质,"未来没有一家公司，不是数据公司。未来没有一个人，不是数据分析师。大数据时代爆发的喧嚣之后，在大数据下半场，谁参透数据的本质，谁就能破局称王，真正让数据做到从看到用，并将企业真正转…
",,车品觉,, 图书 / 非虚构 
OpenStack高可用集群（上册）,"本书从OpenStack终端用户的角色出发，以面向生产系统的OpenStack高可用集群建设为主线，对部署OpenStack高可用集群所依赖的各个基础技术栈和OpenStack核心组件进行了详细的原理讲解，并以实战…
",,山金孝,, 图书 / 非虚构 
MATLAB数据分析与挖掘实战,"《大数据技术丛书：MATLAB数据分析与挖掘实战》共16章，共三篇。 基础篇（第1～5章），第1章的主要内容是数据挖掘概述；第2章对《大数据技术丛书：MATLAB数据分析与挖掘实战》所用到的数据挖…
",,张良均,1, 图书 / 非虚构 
从大数据到智能制造,"工业4.0已上升为德国的民族战略；日本软银集团创始人孙正义试图以机器人作为工业4.0的切入点；英国强势推出“英国工业2025战略”；2015年，“中国制造2025”已发布，引起全民轰动。一场“科技…
",,〔美〕李杰,2, 图书 / 非虚构 
Python数据分析与数据化运营,"Python在数据分析领域得到了越来越广泛的应用。第一部分着眼于风险对股市指数期权的价值、股票、利率的影响。第二部分介绍套利定价理论、离散时间内风险中性估值，持续时间，介绍了两种流行的…
",,宋天龙,, 图书 / 非虚构 
深入理解ElasticSearch,"本书内容丰富，不仅深入介绍了Apache Lucene的评分机制、查询DSL、底层索引控制，而且介绍了ElasticSearch的分布式索引机制、系统监控及性能优化、用户体验的改善、Java API的使用，以及自定…
",,〔美〕拉斐尔·酷奇,, 图书 / 非虚构 
程序员代码面试指南,"这是一本程序员面试宝典！书中对IT名企代码面试各类题目的最优解进行了总结，并提供了相关代码实现。针对当前程序员面试缺乏权威题目汇总这一痛点，本书选取将近200道真实出现过的经典代码面…
",,左程云,3, 图书 / 非虚构 
企业大数据处理：Spark、Druid、Flume与Kafka应用实践,"本书将详细介绍上述技术的原理，通过实践演示每种技术的实际应用场景。希望通过理论与实践相结合的方式使内容更通俗易懂，帮助读者根据实际的业务场景选择合适的技术方案，相信大数据在未来的…
",,肖冠宇,, 图书 / 非虚构 
大数据预测,"360公司董事长周鸿祎、《罗辑思维》主讲人罗振宇郑重推荐 2020年的一天，在你驱车前往公司的路上，导航系统通过预测交通流量，会自动帮你选择一条最合适的交通路线；车内推荐系统会根据你的…
",,〔美〕埃里克·西格尔,3, 图书 / 非虚构 
R的极客理想：量化投资篇,"本书是《R的极客理想》系列丛书的第三本，是将R语言与金融量化投资相结合的一本书。本书主要的写作目的是把R语言的技术和实际的金融量化案例结合起来，让读者能切身体会如何把知识变成真正的…
",,张丹,, 图书 / 非虚构 
运维前线,"《运维前线：一线运维专家的运维方法、技巧与实践》（以下简称《运维前线》）是前线系列的一个子集，前线系列图书的出版理念是邀请多位业界专家，总结所在行业的最新理念或深度实践经验。前线…
",,云技术社区,, 图书 / 非虚构 
测试与突破：人工智能与大数据,"在人工智能呈爆炸性增长之际，全球的巨头企业都把目光聚焦于此。谷歌的AlphaGo已经成为AI的代名词而为人熟知，微软迫切希望加快人工智能的开发，他们清除人工智能不仅是在围棋领域击败了人类…
",,商业周刊/中文版,, 图书 / 非虚构 
MySQL DBA修炼之道,"本书的作者是互联网一线的数据库开发、运维专家，书中的内容是其对10多年工作中所遇问题的思考和总结，围绕着MySQL徐徐展开，犹如庖丁解牛，对MySQL的核心逻辑解释得相当清晰和透彻。 本书…
",,陈晓勇,1, 图书 / 非虚构 
R语言游戏数据分析与挖掘,"随着大数据的概念越来越流行，越来越多的企业开始重视数据，期待从数据中寻找有价值的结论，以指导公司管理层决策，最终创造更大的价值。但是在游戏行业，数据分析的发展相对缓慢，很多游戏公…
",,谢佳标,, 图书 / 非虚构 
读懂这三本书，才算真懂大数据！（套装共3册）,"《大数据时代》 思维指南：大数据思维入门经典读物 大数据读物经典——《大数据时代》作者维克托•迈尔•舍恩伯格被誉为“大数据时代的预言家”。用三个部分讲述了大数据时代的思维变革…
",,维克托·迈尔·舍恩伯格（Viktor Mayer-Schönberger）,, 图书 / 非虚构 
Spark MLlib机器学习实践,"Spark作为新兴的、应用范围广泛的大数据处理开源框架引起了广泛的关注，它吸引了大量程序设计和开发人员进行相关内容的学习与开发，其中MLlib是Spark框架使用的核心。本书是一本细致介绍Spark…
",,王晓华,1, 图书 / 非虚构 
决战大数据（升级版）,"在数据无限的时代，我们如何利用大数据实现商业大洗牌？传统行业又该如何通过挖掘隐藏在大数据背后的信息，冲出层层危机，实现行业质和量的飞跃？企业如何才能实现数据化运营，在大数据时代站…
",,车品觉,3, 图书 / 非虚构 
Linux设备驱动开发详解：基于最新的Linux4.0内核,"历时8年，三次重构，内窖愈加炉火纯青。 全部代码更新至全新的Linux4.0版本。 全面讲解ARM Linux新版本内核架构，如设备树等。 不仅仅注重知识和程序的讲解，更注重程序的思想、演变、架构…
",,孙宏亮,, 图书 / 非虚构 
大数据系统构建,"本书将教你充分利用集群硬件优势的Lambda架构，以及专门用来捕获和分析网络规模数据的新工具，来创建这些系统。它将描述一个可扩展的、易于理解大数据系统的方法——可以由小团队构建并运行。…
",,〔美〕南森·马茨,2, 图书 / 非虚构 
云计算基础架构及关键应用,"本书结合大数据最新技术趋势和中兴通讯的长期实践，对大数据技术提出系统的理解，对大数据研究提供了初步的思路和建议。本书首先从大数据的需求和现状出发，分析目前大数据出现的问题，然后针…
",,陆平,1, 图书 / 非虚构 
社交红利2.0,"大型社交网络发展至今，开始显露出更为惊人的力量。有一个独特现象与这一结果相伴相生，即新应用或服务一进入社交网络就即时引爆，就像用户在等待它出现一样。随即开始的病毒式扩散，让创业者…
",,徐志斌,1, 图书 / 非虚构 
IBM SPSS数据分析与挖掘实战案例精粹,"《IBM SPSS数据分析与挖掘实战案例精粹》以IBM SPSS Statistics 20.0和IBM SPSS Modeler 14.1为工具，提供了医疗、金融、保险、汽车、快速消费品、市场研究、互联网等多个行业的数据分析／挖…
",,张文彤,, 图书 / 非虚构 
大数据：从概念到运营,"大多数企业对大数据这个概念并不陌生，但真正通过对大数据相关业务的有效运营获得业绩增长的企业却少之又少。为了扭转这一局面，企业应该如何针对自己的业务领域开辟新的数据源？如何搭建合理…
",,〔美〕比尔·施玛泽,, 图书 / 非虚构 
Spark与Hadoop大数据分析,"《Hadoop Spark大数据巨量分析》从浅显易懂的“大数据和机器学习”原理介绍和说明入手，讲述大数据和机器学习的基本概念，如：分类、分析、训练、建模、预测、机器学习（推荐引擎）、机器学习…
",,〔美〕文卡特·安卡姆（Venkat Ankam）,, 图书 / 非虚构 
决策知识自动化,"本书综合大量来源于业务流程自动化的主流应用场景，聚焦于组织管理及运营中经营决策的知识自动化这一主题，向读者展示如何在实践中应用知识自动化技术实施决策管理，以提高运营效率和组织收益…
",,〔英〕Alan N. Fish,, 图书 / 虚构 
ELK stack权威指南,"ELKstack是Elasticsearch、Logstash、Kibana三个开源软件的组合，是目前开源界最流行的实时数据分析方案，成为实时日志处理领域开源界的第一选择。然而，ELKstack也并不是实时数据分析界的灵…
",,,1, 图书 / 非虚构 
大数据搜索与日志挖掘及可视化方案（第2版）,"对大数据的搜索与挖掘，在当今的“互联网+”时代是很有必要的。本书提出的分布式大数据搜索与日志挖掘及可视化方案是基于ELK Stack而提出的，它能有效应对海量大数据所带来的分布式存储与处理…
",,高凯,, 图书 / 非虚构 
爆发,"本书是一本超越《黑天鹅》的惊世之作。如果说塔勒布认为人类行为是随机的，都是小概率事件，是不可以预测的；那么全球复杂网络权威Barabasi则认为，人类行为93%是可以预测的。 Barabasi的研…
",,〔美〕艾伯特-拉斯洛·巴拉巴西,1, 图书 / 非虚构 
Spark大数据分析实战,"作为一个通用大数据计算框架，Spark广泛应用于多种典型大数据分析场景。 通过这本书，你将了解到：Spark的机制与生态系统，Spark算法分析与应用，典型的数据分析场景，Spark在日志分析、情感…
",,高彦杰,1, 图书 / 非虚构 
Storm分布式实时计算模式,"本书由Apache Storm项目核心贡献者亲笔撰写，融合了作者丰富的Storm实战经验，通过大量示例，全面而系统地讲解使用Storm进行分布式实时计算的核心概念及应用，并针对不同的应用场景，给出多种…
",,〔美〕吉奥兹（P. Taylor Goetz）,, 图书 / 非虚构 
Spark技术内幕：深入解析Spark内核架构设计与实现原理,"Spark是不断壮大的大数据分析解决方案家族中备受关注的新增成员。它不仅为分布式数据集的处理提供一个有效框架，而且以高效的方式处理分布式数据集。它支持实时处理、流处理和批处理，提供了A…
",,张安站,1, 图书 / 非虚构 
SAP HANA平台应用开发,"本书在逻辑上可分为五个部分：第一部分：包含第1章和第2章，该部分主要是讲解SAPHANA服务器的各个组件，原生项目的开发架构，以及通过SAPHANA工作台快速了解系统的一些操作。第二部分：包含第…
",,刘刚,, 图书 / 非虚构 
Apache Spark源码剖析,"《Apache Spark源码剖析》以Spark 1.02版本源码为切入点，着力于探寻Spark所要解决的主要问题及其解决办法，通过一系列精心设计的小实验来分析每一步背后的处理逻辑。 《Apache Spark源码剖…
",,许鹏,, 图书 / 非虚构 
MATLAB智能算法超级学习手册,"本书的内容主要包括马尔科夫链模型、层次分析法、粒子群算法、遗传算法、蚁群算法、鱼群算法、PID控制算法、神经网络算法等。智能算法对于很多初学者而言，有一定的困难，很难理解程序流程、…
",,高飞,1, 图书 / 非虚构 
大数据架构商业之路,"本书通过讲述一个虚拟的（如有雷同纯属巧合）互联网O2O创业故事，逐步展开介绍各个阶段可能遇到的大数据课题、业务需求，以及相对应的技术方案，甚至是实践解析。让读者身临其境，一起来探寻…
",,黄申,3, 图书 / 非虚构 
Ceph分布式存储实战,"正如OpenStack日渐成为开源云计算的标准软件栈，Ceph也被誉为软件定义存储开源项目的领头羊。细品本书，慢嗅“基础理论讲解简明扼要，技术实战阐述深入全面”之清香。千言万语，不如动手一战…
",,Ceph中国社区,1, 图书 / 非虚构 
开源大数据分析引擎Impala实战,"Impala是 Cloudera公司主导开发的新型查询系统，它提供 SQL语义，能查询存储在 Hadoop的 HDFS和 HBase中的 PB级大数据。Impala 1.0版比原来基于 MapReduce的 Hive SQL查询速度提升 3～90倍，…
",,贾传青,, 图书 / 非虚构 
软件定义存储：原理、实践与生态,"在混合云的基础架构中，软件定义存储方兴未艾，与之相关的存储初创厂商，在全球如同雨后春笋般不断出现。软件定义存储各家都有不同的定义，与之相关的词汇也很多，包括Server SAN、超融合架构…
",,叶毓睿,, 图书 / 非虚构 
智能数据时代,"大数据这个概念自诞生以来，已经经历了几次飞跃。时至今日，大数据这个名词频繁地与人工智能、DT、预测等词汇放在一起，看上去数据的发展已经成为与科技发展甚至整个社会发展平行的存在——一…
",,TalkingData,, 图书 / 非虚构 
Tableau数据可视化实战,"Tableau是每个立志成为或者已经成为数据分析人员的必备工具。即使你不是一个接受过全面培训的分析师，也能轻易使用它。你只需要一个亟待分析的数据集以及对Tableau的一些理解。在本书的帮助下…
",,〔美〕南德旴瓦（Ashutosh Nandeshwar）,, 图书 / 非虚构 
Hadoop构建数据仓库实践,"本书讲述在流行的大数据分布式存储和计算平台Hadoop上设计实现数据仓库，将传统数据仓库建模与SQL开发的简单性与大数据技术相结合，快速、高效地建立可扩展的数据仓库及其应用系统。 本书内…
",,王雪迎,, 图书 / 非虚构 
数据架构师的PostgreSQL修炼,"本书将教你如何构建及运行一个可扩展且已经优化的PostgreSQL服务器。全书始于基本概念（例如从源代码中安装PostgreSQL），并逐渐深入理论部分（例如并发性和事务管理）。在此之后，你将学习如…
",,〔美〕梅马拉,, 图书 / 非虚构 
Python数据分析实战,"数据分析是一个快速发展的领域，而Python已经演变成数据科学的主要语言，广泛应用于数据分析、可视化和机器学习等领域。本书从数据分析的基础内容入手，比如matplotlib、NumPy和Pandas库，介…
",,〔印〕伊凡·伊德里斯（Ivan Idris）,, 图书 / 非虚构 
SQL优化最佳实践,"全书分为三篇：引言篇，总结了实际工作中常见的问题，并通过真实案例让读者直观感受到SQL语句优化的重要。同时在每个案例后面，还针对案例出现的问题进行了总结。原理篇，主要讲解了和SQL语句…
",,韩锋,, 图书 / 非虚构 
百度统计：网站数据分析实战,"本书通过浅显易懂的叙述方式和大量的图示，详细介绍了网站分析的关键技术要点，包括：网站分析中重要的数据、网站数据分析的工具、网站分析工具的使用技巧以及分析数据的方法。 本书共分为11…
",,李迅 编著,, 图书 / 非虚构 
大数据时代必读书系（套装共4册）,"套装包括《大数据时代》《决战大数据升级版》《决胜移动终端》《大数据云图》
",,维克托·迈尔·舍恩伯格（Viktor Mayer-Schönberger）,, 图书 / 非虚构 
OpenStack高可用集群（下册）,"本书从OpenStack终端用户的角色出发，以面向生产系统的OpenStack高可用集群建设为主线，对部署OpenStack高可用集群所依赖的各个基础技术栈和OpenStack核心组件进行了详细的原理讲解，并以实战…
",,山金孝,, 图书 / 非虚构 
大数据技术入门,"从2015年开始，国内大数据市场继续保持高速的发展态势，作者在与地方政府、证券金融公司的项目合作中发现，他们对大数据技术很感兴趣，并希望从大数据技术、大数据采集、管理、分析以及可视化…
",,杨正洪,, 图书 / 非虚构 
大数据经济,"2015年8月19日，国务院常务会议通过《关于促进大数据发展的行动纲要》，政府顺应潮流，加大政策支持力度，促进大数据行业发展。中国大数据产业起飞在即！ 万物皆数，万物互联，一个与现实世…
",,谢文,, 图书 / 非虚构 
删除,"《删除》讲述了遗忘的美德，为读者展现了大数据时代的取舍之道。 《删除》从大数据时代信息取舍的目的和方法分别诠释了“被遗忘的权利”。维克托首先回溯了人类追寻记忆的过程，之后提出数字…
",,〔英〕维克托·迈尔-舍恩伯格,, 图书 / 非虚构 
零基础学数据结构,"数据结构是计算机专业的专业基础课和核心课程。本书内容全面，语言通俗易懂，案例典型、丰富，结构清晰，重难点突出，所有算法都有完整程序，能直接运行。 本书可作为学习数据结构与算法、从…
",,陈锐 成建设,4, 图书 / 非虚构 
世界是随机的,"这是一本写给初学者的书，目的是帮助读者理解大数据下概率统计等概念的意义，写作中以案例作先导，引起读者的兴趣和思考，在解答问题的过程中讲述知识。本书共有9章，第1章和第2章介绍概率和*…
",,李帅,1, 图书 / 非虚构 
黑箱社会,"你是否想到，当你在上网娱乐、学习、浏览新闻或从事商业活动时，你就会无形中陷入一张数据采集的罗网，这张网的覆盖面之广你绝对难以想象。我们的经济和社会由高深莫测的数学程序来决定？ 美…
",,〔美〕弗兰克·帕斯奎尔,, 图书 / 非虚构 
大数据风控,"本书分为两部分。在第一部分思想篇里，介绍了如何将风险、内控、审计融合，如何将风险管控融入业务，如何将业务融入信息化，如何利用大数据管理企业风险。不仅详细阐述了企业大数据时代的风险…
",,张孝昆,, 图书 / 非虚构 
D3.js数据可视化实战手册,"如今这个互联网时代，人们每天都产生海量的数据，如果直接面对这些数据，可能让人无从下手。将数据可视化，用形象立体的形式将其展现，有利于分析其中的关联，攫取可能存在的商业机会。本书意…
",,〔加〕Nick,, 图书 / 非虚构 
Oracle云计算平台实战,"云是必学之技，是IT行业正在进行的最大变革，它将重塑计算环境，改变我们开发和交付软件的方式。理解这项技术对个人职业生涯和发展至关重要。 这本书详细阐述了企业级云平台——Oracle Cloud…
",,石雨 等,, 图书 / 非虚构 
OpenStack系统架构设计实战,"本书结合云计算最新技术趋势和中兴通讯公司的长期实践，对云计算技术提出系统性的阐述，对云计算实践提供了思路和建议。本书首先从云计算的需求和现状出发，分析目前云计算面临的问题，针对这…
",,陆平,1, 图书 / 非虚构 
大数据架构和算法实现之路,"本书介绍了一些主流技术在商业项目中的应用，包括机器学习中的分类、聚类和线性回归，搜索引擎，推荐系统，用户行为跟踪，架构设计的基本理念及常用的消息和缓存机制。在这个过程中，我们有机…
",,黄申,, 图书 / 非虚构 
Spark大数据处理技术,"《Spark大数据处理技术》以Spark 0.9版本为基础进行编写，是一本全面介绍Spark及Spark生态圈相关技术的书籍，是国内首本深入介绍Spark原理和架构的技术书籍。主要内容有Spark基础功能介绍及内…
",,夏俊鸾,, 图书 / 非虚构 
中国云计算技术和产业体系研究与实践,"本书分为上、下两篇，上篇是研究总论，共7章。第一章从云计算的定义、内涵，云计算产业的基本概念和云计算的意义三个方面进行总体概述；第二章剖析云计算涉及的关键技术和发展趋势；第三章系…
",,工业和信息化部电子科学技术委员会软件和信息服务业专业组,, 图书 / 非虚构 
云计算：从基础架构到最佳实践,"本书定位于企业级私有云数据中心的规划、实施与运维服务体系建设，并配合实践用例系统地介绍国内外云计算进展和数据中心向云计算的演变趋势，以及实现云计算特征的关键技术。本书非常适合从事…
",,祁伟,, 图书 / 非虚构 
大数据云图,"★亚马逊、Google、IBM、Facebook、LinkedIn……超过一百家大数据公司的商业法则深度解密。教育、医疗、电子、汽车、建筑……十几个行业的成功企业案例全面分享。 ★从Twitter到Netflix，从B…
",,〔美〕大卫·芬雷布 (David Feinleib) ,, 图书 / 非虚构 
Java数字图像处理：编程技巧与应用实践,"本书首先通过一个简单JAVA图像处理程序勾勒出用JAVA来实现图像处理的基本步骤，介绍JAVA在操作图像方面的几个重要的API类如ImageIO,BufferedImageOP等，并对图像文件的保存与读写做较为深入细…
",,贾志刚,, 图书 / 非虚构 
Hadoop大数据分析与挖掘实战,"本书共14章，分三个部分：基础篇、实战篇、高级篇。基础篇介绍了数据挖掘、Hadoop大数据的基本原理，实战篇介绍了一个个真实案例，通过对案例深入浅出的剖析，使读者在不知不觉中通过案例实践…
",,张良均,1, 图书 / 非虚构 
Oracle Exadata技术详解,"本书假定读者对关系型数据库，尤其是Oracle数据库有一定程度的了解，否则有可能对书中的某些知识点的介绍感到困惑。如果你是一名初学者，建议先学习Oracle数据库的一些基础知识。 作者：李…
",,李亚,, 图书 / 非虚构 
大数据侦查,"本书紧扣“大数据”这一时代主题，着眼于侦查领域大数据运用在法律研究方面的空白，构建起包括思维、模式、方法等全方位的大数据侦查体系，同时对大数据侦查可能产生的法律问题进行探讨，为侦…
",,王燃,, 图书 / 非虚构 
可视化未来,"科学的传播速度有多快？今时今日我们很少谈论上帝了吗？人们什么时候开始用“having sex” 而不用“making love”? 史上的人是在哪岁成名的？语法的变化速度到底有多快？哪些作家被纳粹审查得…
",,〔美〕埃雷兹·艾登,, 图书 / 非虚构 
实时分析,"本书共11章。第1章介绍常见的流数据的来源、应用以及三个重要特性：持续交付、结构松散和高基数，并阐释对流数据使用基础架构和算法的重要性。第2~6章介绍实时流架构的各组件涉及的软件、框架…
",,〔美〕埃利斯,, 图书 / 非虚构 
R语言与数据挖掘,"R是一种适用于统计分析计算和图像处理的语言，受S语言和Scheme语言影响发展而来。早期R是基于S语言的一个GNU项目，所以也可以当作S语言的一种实现，通常用S语言编写的代码都可以不做任何修改…
",,张良均,1, 图书 / 非虚构 
企业迁云实战,"本书是一本指导用户和云计算服务从业人员规划与实施企业应用、数据库、大数据等迁移上云的工程类书籍，融合了阿里云技术服务团队多年的实战和思考。本书按照“点—线—面—体”的思路，逐步深…
",,何强,, 图书 / 非虚构 
智慧城市中的大数据分析技术,"《智慧城市中的大数据分析技术》以智慧城市和大数据技术之间的本质联系为出发点，通过生动的案例从不同的视角去介绍智慧城市的内涵和大数据的核心技术。为了能让广大读者了解智慧城市和大数据…
",,秦志光,, 图书 / 非虚构 
VMware Virtual SAN实战,"这是一本系统讲解VSAN应用的实操类著作。首先介绍了VSAN产品的概念、兼容性、使用场景、功能限制以及它与软件定义数据中心的关系，然后依次讲解了VSAN的配置、集群构建、原理解析、集群的维护…
",,吴秋林,, 图书 / 非虚构 
算法时代,"近年来随着大数据技术的快速发展，我们正在进入“算法经济时代”。每天，算法都会对展示在我们眼前的信息进行分类、筛选与取舍。我们看到的谷歌搜索结果，脸谱网上显示的好友信息，以及购物网…
",,〔美〕卢克·多梅尔（Luke Dormehl）,1, 图书 / 非虚构 
大数据管理概论,"本书涵盖大数据管理的理论、方法、技术等诸多方面，集成了大数据融合、存储、分析、隐私和系统等方面的工作。本书共分7章：第1章描述大数据的概念、演变过程和处理模式；第2章提出大数据融合…
",,孟小峰,, 图书 / 非虚构 
基于Apache Kylin构建大数据分析平台,"Apache Kylin是一个开源的分布式分析引擎，提供Hadoop之上的SQL查询接口及多维分析（OLAP）能力以支持超大规模数据，最初由eBay公司开发并贡献至开源社区。它能在亚秒内查询巨大的Hive表。本…
",,蒋守壮,, 图书 / 非虚构 
Cloud Foundry,"本书分为以下几部分。第1章和第2章分享了作者对云计算技术的理解、思考和对云计算发展趋势的判断，并以汽车行业为例，展现了云计算在助力传统企业数字化转型中的作用，以及如何通过PaaS实施企…
",,冯雷,, 图书 / 非虚构 
Virtual SAN最佳实践,"VMware作为全球云基础架构和移动商务的领导厂商，一直在软件定义数据中心和混合云的领域中投入大量资源进行研发和创新。我们提出的软件定义数据中心理念，致力于帮助客户改变传统建立、交付和…
",,丁楠 等,, 图书 / 非虚构 
大数据治理与安全：从理论到开源实践,"本书主要从理论和实践两个部分对大数据治理与安全技术展开详尽描述。其中理论篇主要从大数据治理的概念、作用、重要性，以及大数据治理的原则、范围及评估内容做出了详细介绍；之后从大数据安…
",,刘驰,, 图书 / 非虚构 
PostgreSQL服务器编程,"本书由资深PostgreSQL专家撰写，系统讲解PostgreSQL服务器编程的方方面面，书中通过丰富的实例，循序渐进阐释PostgreSQL开发和扩展的相关概念及各种实用技术，包含大量实用技巧和窍门，为快速…
",,〔美〕克洛斯（Hannu Krosing） 等,, 图书 / 非虚构 
实用数据分析,"资深数据分析咨询师多年经验结晶，通过大量典型数据分析案例，全面而深入地讲解分类分析、聚类分析、数据可视化及预测方面的各种技术和方法，为快速掌握并灵活运用数据分析技术提供最佳实践指…
",,〔美〕Hector Cuesta,, 图书 / 非虚构 
Hadoop与大数据挖掘,"本书共14章，分三个部分：基础篇、实战篇、高级篇。基础篇介绍了数据挖掘、Hadoop大数据的基本原理，实战篇介绍了一个个真实案例，通过对案例深入浅出的剖析，使读者在不知不觉中通过案例实践…
",,张良均,, 图书 / 非虚构 
云计算通俗讲义,"《云计算通俗讲义》力求简明扼要地阐述云计算的全貌，能让非IT专业人士也能轻松看得懂这一现在人人都能接触（以后程度会更深）的事物——云计算。《云计算通俗讲义》遵循一条由感性到理性从浅…
",,王良明,1, 图书 / 非虚构 
对“伪大数据”说不,"从另一个角度认识大数据的力量，带我们走出大数据分析与解读的误区，帮助我们培养出数字直觉。 我们生活在大数据的时代，在本书中，统计学专家冯启思将告诉你在什么时候可以接受大数据“专家…
",,〔美〕冯启思（Kaiser Fung）,1, 图书 / 非虚构 
Spark核心技术与高级应用,"本书写作过程中，Spark版本从1.0一直变化到1.5，秉承大道至简的主导思想，我们尽可能地按照1.5版本进行了统筹，希望能抛砖引玉，以个人的一些想法和见解，为读者拓展出更深入、更全面的思路。…
",,于俊,1, 图书 / 非虚构 
Spark快速数据处理,"本书系统讲解Spark的使用方法，包括如何在多种机器上安装Spark，如何配置一个Spark集群，如何在交互模式下运行第一个Spark作业，如何在Spark集群上构建一个生产级的脱机/独立作业，如何与Spar…
",,〔美〕凯洛（Holden Karau）,, 图书 / 非虚构 
Storm实时数据处理,"在大数据领域，Hadoop无疑是最炙手可热的技术。作为分布式系统架构，Hadoop具有高可靠性、高扩展性、高效性、高容错性和低成本的优点。然而随着数据体积越来越大，实时处理能力成为了许多机构…
",,〔澳〕安德森（Quinton Anderson）,, 图书 / 非虚构 
固态存储,"固态存储发展极为迅速，目前已成为一个新兴热点领域。云计算、物联网、大数据时代的到来，为存储技术的创新带来了新的机遇和挑战。随着新型固态存储介质的日渐成熟，延时越来越低，带宽越来越…
",,夏鲁宁,, 图书 / 非虚构 
数据分析实战,"本书分为三大部分，第一部分基础篇（第1章和第2章）主要介绍数据分析的概念、术语、方法、模型等，为后续的内容展开奠定基础。第二部分制表篇（第3章到第5章）介绍数据的采集、整理以及常用数…
",,纪贺元,, 图书 / 非虚构 
大数据主义,"我们正在经历一场发生在决策、消费者行为以及几乎所有领域的颠覆性革命，大数据主义将对生产、流通、分配、消费活动以及经济运行机制、社会生活方式和国家治理能力产生不可估量的重要影响。 …
",,〔美〕史蒂夫·洛尔,, 图书 / 非虚构 
虚拟化安全解决方案,"本书共11章，第1章主要讲述虚拟化安全的基本理论；第2章阐释如何配置常用的管理程序平台：VMwareESXi、MicrosoftHyper-V和CitrixXenServer等；第3章讲述如何设计安全的虚拟网络，涉及虚拟网络…
",,〔美〕沙克尔福,, 图书 / 非虚构 
互联网安全的40个智慧洞见,"过去十年间，安全技术经历了一场深刻的变革。传统的、基于特征码识别的单体软件杀毒技术逐步退出了历史舞台，取而代之的是以云计算为基础的现代互联网安全技术。所谓互联网安全技术，顾名思义…
",,360互联网安全中心,, 图书 / 非虚构 
Oracle数据库性能优化方法论和最佳实践,"Oracle性能优化一直是Oracle数据库实践中相对困难和神秘的领域，即使是资深DBA，部分也对性能优化存有一定的疑惑和迷茫，缺乏科学的优化方法论指导则是构成该困境的主要原因。本书通过案例和…
",,柳遵梁,, 图书 / 非虚构 
大数据思维赢利模式,"本书介绍了在互联网经济环境下，不同类型的企业分别采取的12种以数据为驱动力的赢利模式——目标客户模式、网站联盟模式、异业复合模式、战略领跑模式、互动参与模式、动态发展模式、后发制人…
",,林汶奎,, 图书 / 非虚构 
云计算商业应用：从从入门到精通实战指南,"本书作者深入浅出地讲解了云计算的特征，如何掌控企业云以及云安全的重要性；剖析了云计算将会给企业带来的益处与风险；通过云计算标准和最佳商业实践，分析了云的经济效应和商业影响；介绍了…
",,〔美〕朱蒂斯·赫尔维茨（Judith Hurwitz）,, 图书 / 非虚构 
大数据与机器学习,"本书从企业实践出发，内容覆盖数据、平台、分析和应用等企业内数据流转的主要环节。布局上，按照数据与平台篇、分析篇和应用篇分别撰写。数据与平台篇（第1~3章），立足找到数据、整合数据、…
",,陈春宝,1, 图书 / 非虚构 
R与Hadoop大数据分析实战,"本书全面而系统地讲解了如何将R语言与Hadoop技术结合并应用于大数据分析，不仅系统且深入地阐释了R与Hadoop集成技术的工具、方法、原则和最佳实践，而且通过大量实践案例深入剖析各种常见问题…
",,〔印〕普贾帕提（Vignesh Prajapati）,1, 图书 / 非虚构 
云计算在电信运营商中的应用,"本书从云计算关键技术和应用情况着手，重点阐述了电信运营商的云计算发展策略、云计算IaaS资源池的规划与建设、云计算工程建设管理模式、IT系统的云化迁移及实施、云计算资源池的精细化运营等…
",,邵宏,, 图书 / 非虚构 
Oracle高性能自动化运维,"由于Oracle运维管理的专业性门槛较高，导致Oracle运维管理成本增加。在这种情况下，如何深入掌握Oracle，如何提高数据库运维效率成为许多数据库管理者的困扰。尽管国内有关Oracle方面的书籍繁…
",,冷菠,, 图书 / 非虚构 
策略驱动型数据中心：ACI技术详解,"本书涵盖了数据中心很多相关技术领域，如服务器、网络、存储、虚拟化、安全和运维。前半部从数据中心的架构，云架构的建立谈到ACI如何实现完整的策略驱动管理模式，虚拟和物理的集成，以及ACI…
",,〔美〕Lucien Avramov,, 图书 / 非虚构 
大数据的互联网思维,"《大数据的互联网思维》是国内第一本将互联网思维应用到大数据领域的专著，记录了笔者在大数据时代的一些感想、心得。 本书共分10章，其中第1章阐述了大数据发展的现状，以及大数据发展需要…
",,段云峰,, 图书 / 非虚构 
块数据,"大数据正在对社会生产生活的各个层面产生巨大而持久的影响，政府、企业、个体都在大数据浪潮中享受大数据带来的裨益。但到目前为止，人类形成的大数据，更多的是以领域、行业为单位，往往是彼…
",,大数据战略重点实验室,, 图书 / 非虚构 
VMWARE虚拟化技术应用实验,"本书面对读者主要是企业数据中心管理者或规划人员、企业决策者或CIO/CTO, 对服务器虚拟化技术和桌面虚拟化技术感兴趣的读者也可以参考。 作者：焦繁
",,焦繁,, 图书 / 非虚构 
OpenCL异构并行计算,"本书一共分为4个部分：第1章介绍并行计算的沿革与现状。第2章介绍了OpenCLC语言的相关语法。第3章到第5章讲解了OpenCL运行时接口及其功能。第6章讲解了OpenCL更底层的工作机制，并结合当前主…
",,刘文志,, 图书 / 非虚构 
互联创新,"在这本《互联创新》中，埃里克·布莱恩约弗森和亚当·桑德斯讲述了信息技术如何直接或间接地促进了生产力高速增长以及如何重塑经济。 在我们倡导大众创业、万众创新的“互联网+”时代，创新…
",,〔美〕埃里克·布莱恩约弗森,, 图书 / 非虚构 
数字图书馆元数据基础,"本书分别从元数据的基础理论、数字资源元数据建设等方面入手，着力探究自建数字馆藏与网络数字资源元数据建设及其整合方式，并结合古方志、网络政府信息作为元数据建设的典型实例，进而阐述以…
",,萨蕾,, 图书 / 非虚构 
Hadoop MapReduce性能优化,"大数据时代，MapReduce的重要性不言而喻。Hadoop作为MapReduce框架的一个实现，受到业界广泛的认同，并被广泛部署和应用。尽管Hadoop为数据开发工程师入门和编程提供了极大便利，但构造一个真…
",,〔法〕卡勒德·坦尼尔,, 图书 / 非虚构 
PaaS实现与运维管理,"《PaaS实现与运维管理：基于Mesos +Docker+ELK的实战指南》主要阐述了云计算中PaaS平台的实现与运维管理，分为四大部分，分别是概念模型、基础资源、平台实现与运维管理，共十五章。第一部分…
",,余何,, 图书 / 非虚构 
读懂你的客户,"本书帮助指导营销管理者、品牌经理、战略家和高层管理者认识数据经济如何彻底改变客户/品牌关系，以人为中心的大数据策略如何为品牌创造真正的价值： 清晰阐述了数据分析人员和组织整体如何…
",,〔英〕科林·斯特朗,, 图书 / 非虚构 
个人数据管理,"当下大数据技术发展变化日新月异，大数据应用已经遍及工业和社会生活的方方面面，原有的数据管理理论体系与大数据产业应用之间的差距日益加大，而工业界对于大数据人才的需求却急剧增加。大数…
",,李玉坤,, 图书 / 非虚构 
Nutanix超融合基础架构权威指南,"本书涵盖了超融合相关的基础知识，也对Nutanix超融合产品进行了详细介绍，并从数据中心管理者关心的产品安装、规划与设计、部署与测试、运维与管理多个角度着手，进行超融合方案的介绍，力求…
",,吴孔辉,, 图书 / 非虚构 
ArcGIS云计算：开发与应用,"本书共分为13章，以ArcGIS云平台为主线，囊括其产品架构、关键技术、应用模式及国内外成功案例，为读者提供实用化的空间云建设、开发及应用教程。 作者：修文群，李晓明，张宝运
",,修文群,, 图书 / 非虚构 
大数据算法,"大数据算法是大数据得以有效应用的基础，也是有志于从事大数据以及相关领域工作必须学习的课程。本书由从事大数据研究的专家撰写，系统地介绍了大数据算法设计与分析的理论、方法和技术。本书…
",,王宏志,, 图书 / 非虚构 
块数据2.0,"本书是《块数据：大数据时代真正到来的标志》的延续和深化。块数据颠覆传统的世界观、价值观和方法论，进而改变和形成新的知识体系、价值体系和生活方式，并深刻影响着人类政治、经济、文化和…
",,大数据战略重点实验室,, 图书 / 非虚构 
Hadoop集群与安全,"Hadoop自动化安装和配置的问题在于隐藏了许多Hadoop组件协同工作的重要细节，本书介绍如何手动安装和配置主要的Hadoop组件，以便高效使用Hadoop平台。通过设置一个完全可运行的集群，可对Hado…
",,〔美〕扎伯瑞福斯基（Danil Zburivsky）,, 图书 / 非虚构 
大数据是这样计算的,"随着大数据分析方法的发展、分析工具的改进，大数据分析的门槛降低了。基于大数据算法平台，数据分析师们已经不再被数据的“大”所困扰，他们可以轻松地探索大数据，挖掘大数据的价值。 《大…
",,杨旭,, 图书 / 非虚构 
我们都是数据控,"在大数据时代，数据驱动着像智能手环、智能血压仪、扫地机器人这样的智能设备，给我们的生活带来了极大的便利；数据支撑着云计算、物联网、个性化定制这样的新技术、新手段，给商业带来了新风…
",,蔡余杰,, 图书 / 非虚构 
麦肯锡的数字业务安全策略,"未来的经济社会，数字化特征将越来越显著，世界上大部分组织机构都依赖着“信息资产”，这些信息资产，有些是结构化数据，有些是非结构化数据，例如客户数据、知识产权、商业计划，以及从客户…
",,〔美〕詹姆斯 M.卡普兰 等,, 图书 / 非虚构 
互联网金融路线图,"本书全面、系统地讲解了传统金融机构互联网转型的各种方法，内容涵盖传统金融的思与变、互联网转型方法论，以及商业模式、产品规划、平台运营、品牌建设、管理体系、风险控制等影响传统金融机…
",,刘向南,, 图书 / 非虚构 
图分析与可视化,"《图分析与可视化：在关联数据中发现商业机会》通过详细的示例、样本数据集、代码和全彩图片，说明了如何为每个问题使用合适类型的图；快速、高效且正确地收集、清洗和组织数据；为高可读性设…
",,〔美〕理查德·布莱斯,, 图书 / 非虚构 
一本书读懂大数据（全彩图解版）,"这本书首先介绍了大数据时代的特征，可以帮助你对大数据及其价值有一个概括性的了解和认识。其次，你将知道如何培养、挖掘、处理数据，使数据为自己创造更大价值。最后，介绍了大数据在企业决…
",,马兆林,3, 图书 / 非虚构 
Splunk智能运维实战,"本书详细介绍了Splunk数据引擎的使用方法，包括如何索引和搜索数据，如何制作可视化图表，如何创建仪表盘和应用程序，如何创建警报和数据模型，等等。本书深入浅出、循序渐进，每一章都以解决…
",,〔美〕乔史·戴昆（Josh Diakun）,, 图书 / 非虚构 
数据驱动安全,"本书由世界顶级安全专家亲笔撰写，深入剖析了安全领域中的数据分析及可视化方法，包含大量真实案例和数据。从安全数据收集、整理、分析、可视化过程，详细讲解如何设计有效的安全数据可视化，…
",,〔美〕杰.雅克布,, 图书 / 非虚构 
大数据营销,"本书全面而翔实地描述了大数据时代下营销的新变化。主要内容包括：大数据营销的含义，大数据背景下的市场、动机、体验分析 ，大数据背景下的消费心理与偏好、品牌分析，以及云（端）数据与全…
",,倪宁,, 图书 / 非虚构 
Storm 技术内幕与大数据实践,"本书内容主要围绕实时大数据系统的各个方面展开，从实时平台总体介绍到集群源码、运维监控、实时系统扩展、以用户画像为主的数据平台，最后到推荐、广告、搜索等具体的大数据应用。书中提到的…
",,陈敏敏,1, 图书 / 非虚构 
Splunk实践指南,"本书从理解用户交互界面的基本元素入手，介绍了搜索语言的基本知识，对表格、图表、指示板等具体内容进行了细致描述。通过对高级搜索案例和应用程序的逐步分析，向读者展示了构建属于用户自己…
",,〔美〕布姆加纳（Vincent Bumgarner）,, 图书 / 非虚构 
大数据：从基础理论到最佳实践,"本书侧重于大数据的实践性技术，系统地介绍了主流大数据平台及工具的安装部署、管理维护和应用开发。平台和工具的选择均为当前业界主流的开源产品，因此，对于读者来说 本书涉及的开源技术包…
",,祁伟 主编,, 图书 / 非虚构 
软件定义世界,"以云计算、大数据、移动、社交（SMDC）为代表的新一代技术蓬勃发展，给经济、社会、日常生活带来了前所未有的影响，人类进入“互联网+”时代，消费互联网方兴未艾，企业互联网已经在普及。 …
",,张礼立,, 图书 / 非虚构 
云计算：大数据时代的系统工程,"在互联网带来的“大”问题压力下，我们需要全新的思想，通过“积木化”的改变，来重新定义计算资源的使用方式、服务的提供方式，以及社会化大生产的协作过程。云计算带来了这种思想的落实机制…
",,姚宏宇,, 图书 / 非虚构 
云图书馆理论与实践,"本书写到，我们新时代的图书馆人必须首先树立云的理念，要有“大图书馆、大服务”的意识，进一步促使云计算在图书馆领域的运用，避免传统图书馆集成系统OPAC上的所有弱点，并增强图书馆信息服…
",,王红,, 图书 / 非虚构 
云落谁家？,"《云落谁家？OpenStack 基于场景的架构设计实践》是写给打算架构设计OpenStack 基础设施即服务云的设计师和架构师们的，以及OpenStack 的咨询顾问、售前顾问。如果你正在考虑如何部署OpenStac…
",,占海,, 图书 / 非虚构 
大数据掘金,"在数据洪流中沙里淘金，挖掘大数据背后的价值洼地，为企业带来下一个增长红利。在互联网风气云涌的时代，很多企业拥有数据金矿，却很少能挖出真金白银。数据本身不产生价值，企业只有分析和利…
",,〔美〕杜尔森·德伦,, 图书 / 非虚构 
数据革命,"在信息技术革命之后，我们将迎来数据革命。在大数据的概念、性质和价值已得到政府和社会的认可之后，大家关注的是数据如何获取，以及有了数据以后如何挖掘数据的价值。仅适合特定行业、满足特…
",,范煜,, 图书 / 非虚构 
Clojure数据分析秘笈,"随着计算机技术的发展，我们的工作和生活中产生了大量的数据，从这些数据中获取有价值的信息变得越来越重要。clojure是支持函数式编程和并发的lisp方言，受到众多开发人员的欢迎，而使用cloju…
",,〔美〕罗切斯特（Eric Rochester）,, 图书 / 非虚构 
云计算揭秘,"《云计算揭秘》全面介绍云计算在企业中的应用，涉及云计算技术的方方面面，包括如何构建可伸缩和可靠的应用；云技术、供应商和实践的最新发展；如何确定企业各个部门在云中的部署问题；如何将…
",,〔美〕Jothy Rosenberg,, 图书 / 非虚构 
Flume日志收集与MapReduce模式,"本书分为上下两篇，其中上篇介绍了HDFS以及流式数据/日志的问题，同时还谈到了Flume是如何解决这些问题的。本书展示了Flume的架构，包括将数据移动到数据库中以及从数据库中获取数据、NoSQL数…
",,〔美〕史蒂夫·霍夫曼,, 图书 / 非虚构 
虚拟化技术指南,"虚拟化成为当今最热门的IT技术之一，尤其是在提倡云计算、节能减排、绿色IT的大环境下，当前这些符合潮流和趋势的技术，无不是以虚拟化为实现基础的。《虚拟化技术指南》从虚拟化知识的普及开…
",,〔美〕Nelson Ruest,, 图书 / 非虚构 
R数据分析秘笈,"本书旨在为已有一定基础的R用户提供现成的方法来实现重要的数据分析任务。全书共分为11章。第1章涵盖了进行真正的数据分析任务之前的准备工作。第2章讨论了数据分析师在实施特定的分析手段之…
",,〔 美〕维西瓦·维斯瓦纳坦,, 图书 / 非虚构 
Mahout实践指南,"本书是软件开发专家数十年行业经验的结晶，深入浅出地论述如何使用mahout进行数据分类、聚类和预测，涉及mahout开发环境、序列文件使用方式、整合mahout和外部资源、实现朴素贝叶斯分类器、股…
",,〔美〕贾科梅利（Piero Giacomelli）,, 图书 / 非虚构 
大数据技术全解,"“大数据”一词已成为当下最热门的词汇之一。人们热切期待大数据能给工作、学习和生活等方面带来前所未有的变化，而大数据的采集、存储、计算、分析挖掘、呈现和安全等技术正是实现这一变化的…
",,杨巨龙,, 图书 / 非虚构 
